entryID,name,author,material,condition,price
b0,Silent Patient,Alex Michaelides,Paperback,Used,$17.99
b1,Thursday Murder Club,Richard Osman,Paperback,Used,$18.00
b2,The Guest List: A Novel,Lucy Foley,Paperback,Used,$16.99
b3,Drive Your Plow Over the Bones of the Dead,Olga Tokarczuk,Paperback,Used,$18.00
b4,Maid,Nita Prose,Paperback,Used,$18.00
b5,Vera Wong's Unsolicited Advice for Murderers,Jesse Q. Sutanto,Paperback,New,$17.00
b6,A World of Curiosities (Chief Inspector Gamache Novel 18),Louise Penny,Hardcover,Used,$29.99
b7,All the Sinners Bleed,S. A. Cosby,Hardcover,New,$27.99
b8,Then She Was Gone,Lisa Jewell,Paperback,Used,$16.00
b9,Zero Days,Ruth Ware,Hardcover,New,$29.99
b10,The Butcher and the Wren,Alaina Urquhart,Hardcover,New,$27.00
b11,Magpie Murders,Anthony Horowitz,Paperback,Used,$18.00
b12,When No One Is Watching,Alyssa Cole,Paperback,Used,$16.99
b13,Paris Apartment,Lucy Foley,Paperback,New,$18.99
b14,Everyone in My Family Has Killed Someone,Benjamin Stevenson,Hardcover,Used,$30.00
b15,In the Woods,Tana French,Paperback,Used,$18.00
b16,Only One Left,Riley Sager,Hardcover,New,$28.00
b17,Searcher,Tana French,Paperback,Used,$18.00
b18,These Silent Woods,Kimi Cunningham Grant,Paperback,Used,$17.99
b19,The Forgotten Girls (Louise Rick #7),Sara Blaedel,Paperback,Used,$14.99
b20,The 7 1/2 Deaths of Evelyn Hardcastle,Stuart Turton,Paperback,Used,$16.99
b21,All the Missing Girls,Megan Miranda,Paperback,Used,$16.00
b22,The Woman in Cabin 10,Ruth Ware,Paperback,Used,$17.99
b23,Housemaid,Freida McFadden,Paperback,New,$12.99
b24,The Girl on the Train,Paula Hawkins,Paperback,Used,$17.00
b25,Bullet That Missed,Richard Osman,Paperback,New,$18.00
b26,The Turn of the Key,Ruth Ware,Paperback,Used,$16.99
b27,The Girl Who Kicked the Hornets Nest,Stieg Larsson,Paperback,Used,$9.99
b28,This Tender Land,William Kent Krueger,Paperback,Used,$17.00
b29,Independence Square,Martin Cruz Smith,Hardcover,New,$26.99
b30,The Hunting Party,Lucy Foley,Paperback,Used,$18.99
b31,It Girl,Ruth Ware,Hardcover,Used,$28.99
b32,Ordinary Grace,William Kent Krueger,Paperback,Used,$17.99
b33,Elderly Lady Is Up to No Good,"Helene Tursten, Marlaine Delargy",Hardcover,New,$12.99
b34,Elderly Lady Must Not Be Crossed,"Helene Tursten, Marlaine Delargy",Hardcover,Used,$14.99
b35,Slow Horses Deluxe Edition,Mick Herron,Paperback,Used,$16.95
b36,Night Flight to Paris (A Kate Rees WWII Novel),Cara Black,Hardcover,Used,$27.95
b37,Murder on the Red River,Marcie R Rendon,Paperback,New,$9.99
b38,Killingly,Katharine Beutner,Hardcover,New,$27.95
b39,Out of the Ashes,Kara Thomas,Paperback,New,$16.99
b40,Maze,Nelson Demille,Paperback,New,$18.99
b41,Cloisters,Katy Hays,Hardcover,Used,$28.00
b42,Golden Spoon,Jessa Maxwell,Hardcover,Used,$27.00
b43,Only Survivors,Megan Miranda,Hardcover,Used,$28.00
b44,Hope Never Dies: An Obama Biden Mystery,Andrew Shaffer,Paperback,Used,$14.99
b45,Joyland,Stephen King,Paperback,Used,$14.95
b46,Honjin Murders,"Seishi Yokomizo, Louise Heal Kawai",Paperback,New,$14.95
b47,Colorado Kid,Stephen King,Paperback,Used,$12.95
b48,Five Decembers,James Kestrel,Paperback,New,$16.99
b49,Housemaids Secret,Freida McFadden,Paperback,New,$11.75
b50,Last House Guest,Megan Miranda,Not Specified,Used,$6.98
b51,Mysterious Affair At Styles,Agatha Christie,Paperback,Used,$10.95
b52,Portland Noir,"Kevin Sampsell, Gigi Little, Karen Karbo",Paperback,Used,$15.95
b53,Potters Field,Rob Hart,Hardcover,New,$25.99
b54,Who Is Vera Kelly?,Rosalie Knecht,Paperback,Used,$15.95
b55,Anybody Home?,Michael J. Seidlinger,Paperback,New,$18.95
b56,The Tenant,Katrine Engberg,Paperback,Used,$16.99
b57,It Girl,Ruth Ware,Paperback,New,$18.99
b58,State of Terror,"Hillary Rodham Clinton, Louise Penny",Hardcover,Used,$30.00
b59,State of Terror,"Hillary Rodham Clinton, Louise Penny",Paperback,Used,$18.99
b60,Drowning The Rescue of Flight 1421,T J Newman,Hardcover,New,$28.00
b61,Family Remains,Lisa Jewell,Paperback,New,$17.99
b62,Only the Dead,Jack Carr,Hardcover,New,$29.99
b63,Appeal A Novel,Janice Hallett,Paperback,Used,$18.99
b64,Writing Retreat,Julia Bartz,Hardcover,Used,$27.00
b65,No Plan B A Jack Reacher Novel,"Lee Child, Andrew Child",Hardcover,Used,$28.99
b66,No Plan B A Jack Reacher Novel,"Lee Child, Andrew Child",Paperback,New,$9.99
b67,We Were Never Here,Andrea Bartz,Paperback,Used,$18.00
b68,Feel the Bern A Bernie Sanders Mystery,Andrew Shaffer,Paperback,Used,$16.99
b69,Man Who Died Twice A Thursday Murder Club Mystery,Richard Osman,Paperback,New,$18.00
b70,Man Who Died Twice A Thursday Murder Club Mystery,Richard Osman,Hardcover,Used,$28.00
b71,And Then There Were None,Agatha Christie,Not Specified,Used,$9.99
b72,And Then There Were None,Agatha Christie,Paperback,Used,$15.99
b73,Murder on the Orient Express: Hercule Poirot 10,Agatha Christie,Paperback,Used,$15.99
b74,Murder on the Orient Express: Hercule Poirot 10,Agatha Christie,Not Specified,Used,$8.99
b75,Small Mercies,Dennis Lehane,Hardcover,New,$30.00
b76,Heat 2,"Michael Mann, Meg Gardiner",Hardcover,Used,$28.99
b77,Word Is Murder,Anthony Horowitz,Paperback,Used,$19.99
b78,The Woman in the Window,A J Finn,Paperback,Used,$17.99
b79,City of Dreams,Don Winslow,Hardcover,Used,$30.00
b80,White Lady,Jacqueline Winspear,Hardcover,Used,$30.00
b81,Line to Kill,Anthony Horowitz,Paperback,Used,$18.00
b82,Moonflower Murders,Anthony Horowitz,Paperback,Used,$18.00
b83,Paris Apartment,Lucy Foley,Hardcover,Used,$28.99
b84,Hunting Party,Lucy Foley,Not Specified,New,$9.99
b85,Once Upon a Time in Hollywood,Quentin Tarantino,Not Specified,Used,$9.99
b86,Marple: Twelve New Mysteries,Agatha Christie and Alyssa Cole and Lucy Foley and Elly Griffiths and Natalie Haynes and Jean Kwok,Hardcover,New,$30.00
b87,Dreadful Splendor,BR Myers,Paperback,Used,$16.99
b88,Guest List,Lucy Foley,Not Specified,Used,$9.99
b89,Murder of Roger Ackroyd A Hercule Poirot Mystery,Agatha Christie,Paperback,Used,$9.99
b90,Wrong Place Wrong Time,Gillian McAllister,Hardcover,Used,$28.99
b91,Wrong Place Wrong Time,Gillian McAllister,Paperback,New,$18.99
b92,The Trespasser,Tana French,Paperback,Used,$18.00
b93,The Likeness,Tana French,Paperback,Used,$18.00
b94,Faithful Place,Tana French,Paperback,Used,$18.00
b95,Broken Harbor,Tana French,Paperback,Used,$18.00
b96,The Secret Place,Tana French,Paperback,Used,$18.00
b97,The Girl Who Kicked the Hornets Nest,Stieg Larsson and Reg Keeland,Hardcover,Used,$27.95
b98,Sharp Objects,Gillian Flynn,Paperback,Used,$17.00
b99,Dark Places,Gillian Flynn,Paperback,Used,$17.00
b100,The Girl With The Dragon Tattoo (Millenium #1),Stieg Larsson,Paperback,Used,$18.00
b101,Girl Who Played with Fire,Stieg Larsson,Paperback,Used,$18.00
b102,Girl with the Dragon Tattoo,Stieg Larsson,Not Specified,Used,$7.99
b103,Girl Who Played with Fire,Stieg Larsson,Not Specified,Used,$7.99
b104,Gone Girl,Gillian Flynn,Hardcover,Used,$28.99
b105,Gone Girl,Gillian Flynn,Paperback,Used,$18.00
b106,A Fatal Grace: Chief Inspector Gamache 2,Louise Penny,Paperback,Used,$17.99
b107,Still Life,Louise Penny,Paperback,Used,$17.99
b108,The Cruelest Month: Chief Inspector Gamache 3,Louise Penny,Paperback,Used,$17.99
b109,A Rule Against Murder: Chief Inspector Gamache 4,Louise Penny,Paperback,Used,$17.99
b110,Bury Your Dead: Chief Inspector Gamache 6,Louise Penny,Paperback,Used,$17.99
b111,Still Life,Still Life: Chief Inspector Gamache 1,Not Specified,Used,$7.99
b112,One for the Money: Stephanie Plum 1,Janet Evanovich,Not Specified,Used,$8.99
b113,The Cuckoo's Calling: Cormoran Strike 1,Robert Galbraith,Hardcover,Used,$29.00
b114,The Cuckoo's Calling: Cormoran Strike 1,Robert Galbraith,Paperback,Used,$18.99
b115,The Cuckoo's Calling: Cormoran Strike 1,Robert Galbraith,Paperback,Used,$9.99
b116,Ink Black Heart,Robert Galbraith,Hardcover,Used,$32.00
b117,Every Man a King: A King Oliver Novel,Walter Mosley,Hardcover,New,$28.00
b118,Desert Star,Michael Connelly,Hardcover,Used,$29.00
b119,Resurrection Men,Ian Rankin,Not Specified,Used,$6.99
b120,All That Is Mine I Carry With Me,William Landay,Hardcover,Used,$28.99
b121,The Crow Girl,Erik Axl Sund,Paperback,Used,$20.00
b122,The Bat (Harry Hole #1),Jo Nesbø,Paperback,Used,$17.00
b123,Shutter Island,Dennis Lehane,Not Specified,Used,$7.99
b124,Sweetness at the Bottom of the Pie,Alan Bradley,Paperback,Used,$18.00
b125,Da Vinci Code,"Brown, Dan",Hardcover,Used,$35.00
b126,While Justice Sleeps,Stacey Abrams,Hardcover,Used,$28.00
b127,Rogue Justice A Thriller,Stacey Abrams,Hardcover,Used,$29.00
b128,Boys from Biloxi,John Grisham,Hardcover,Used,$29.95
b129,Book of Cold Cases,Simone St James,Paperback,New,$17.00
b130,Tell No One,Harlan Coben,Not Specified,Used,$5.95
b131,Persuader: Jack Reacher 7,Lee Child,Not Specified,Used,$7.99
b132,The Enemy: Jack Reacher 8,Lee Child,Not Specified,Used,$7.99
b133,The Hard Way: Jack Reacher 10,Lee Child,Not Specified,Used,$6.95
b134,One Shot: Jack Reacher 9,Lee Child,Not Specified,Used,$7.99
b135,Pipsqueak,Brian Wiprud,Not Specified,Used,$7.99
b136,Nothing to Lose: Jack Reacher 12,Lee Child,Not Specified,Used,$9.99
b137,61 Hours: Jack Reacher 14,Lee Child,Not Specified,Used,$9.99
b138,Native Tongue,Carl Hiaasen,Not Specified,Used,$8.00
b139,The Black Ice: Harry Bosch 2,Michael Connelly,Not Specified,Used,$7.99
b140,The Pillars of the Earth,Ken Follett,Paperback,Used,$24.95
b141,Echo Burning: Jack Reacher 5,Lee Child,Not Specified,Used,$7.99
b142,Killing Floor: Jack Reacher 1,Lee Child,Not Specified,Used,$7.99
b143,Die Trying: Jack Reacher 2,Lee Child,Not Specified,Used,$9.99
b144,Tripwire: Jack Reacher 3,Lee Child,Not Specified,Used,$9.99
b145,Running Blind: Jack Reacher 4,Lee Child,Not Specified,Used,$9.99
b146,Echo Burning: Jack Reacher 5,Lee Child,Not Specified,Used,$9.99
b147,Killing Floor: Jack Reacher 1,Lee Child,Not Specified,Used,$9.99
b148,Girls Like Us,Cristina Alger,Paperback,Used,$17.00
b149,The Mysterious Affair at Styles: Hercule Poirot 1,Agatha Christie,Paperback,New,$10.00
b150,Girl Waits with Gun,Amy Stewart,Paperback,Used,$15.99
b151,Gone Girl,Gillian Flynn,Not Specified,Used,$9.99
b152,Beware the Woman,Megan Abbott,Hardcover,New,$28.00
b153,House Across the Lake,Riley Sager,Paperback,New,$18.00
b154,Fatal Illusion,Anna Lee Huber,Paperback,New,$17.00
b155,Killers of a Certain Age,Deanna Raybourn,Hardcover,Used,$27.00
b156,Dressed to Drill,Kate Carlisle,Not Specified,New,$8.99
b157,Arsenic & Adobo,Mia P Manansala,Paperback,Used,$17.00
b158,Homicide & Halo Halo,Mia P Manansala,Paperback,Used,$17.00
b159,The Midcoast,Adam White,Paperback,New,$18.00
b160,Bullet That Missed A Thursday Murder Club Mystery,Richard Osman,Hardcover,Used,$27.00
b161,Out,Natsuo Kirino,Paperback,New,$18.00
b162,Verifiers,Jane Pek,Paperback,Used,$17.00
b163,The Murder of Mr. Wickham,Claudia Gray,Paperback,New,$17.00
b164,Violin Conspiracy,Brendan Slocumb,Paperback,New,$17.00
b165,Shady Hollow,Juneau Black,Paperback,Used,$16.00
b166,Age of Vice,Deepti Kapoor,Hardcover,Used,$30.00
b167,Storm Watch,C J Box,Hardcover,Used,$29.00
b168,Maid,Nita Prose,Hardcover,Used,$28.00
b169,Dark Angel,John Sandford,Hardcover,Used,$29.95
b170,Benevolent Society of Ill Mannered Ladies,Alison Goodman,Paperback,New,$17.00
b171,Most Agreeable Murder,Julia Seales,Hardcover,New,$27.00
b172,Murder of Roger Ackroyd,Agatha Christie,Paperback,New,$11.00
b173,Boys from Biloxi A Legal Thriller,John Grisham,Paperback,New,$18.00
b174,Silverview,John Le Carre,Hardcover,Used,$28.00
b175,All Good People Here,Ashley Flowers,Hardcover,Used,$28.00
b176,Back to the Garden,Laurie R King,Paperback,New,$18.00
b177,Quiet Tenant,Clemence Michallon,Hardcover,New,$28.00
b178,Killing Moon A Harry Hole Novel 13,"Jo Nesbo, Sean Kinsella",Hardcover,New,$29.00
b179,Puzzle Master,Danielle Trussoni,Hardcover,New,$27.00
b180,Angels & Demons,Dan Brown,Not Specified,Used,$7.99
b181,Into the Water,Paula Hawkins,Paperback,Used,$17.00
b182,Slow Fire Burning,Paula Hawkins,Paperback,Used,$17.00
b183,The Witch Elm,Tana French,Paperback,Used,$18.00
b184,The Searcher,Tana French,Hardcover,Used,$27.00
b185,Cruellest Month,Louise Penny,Paperback,Used,$8.95
b186,The Brutal Telling: Chief Inspector Gamache 5,Louise Penny,Paperback,Used,$10.95
b187,Sharp Objects Uk Edition,Gillian Flynn,Paperback,Used,$8.95
b188,"Run, Rose, Run","James Patterson, Dolly Parton",Hardcover,Used,$30.00
b189,Little Blood & Dancing A Novel,Tyler Parker,Hardcover,New,$27.00
b190,Local Woman Missing,Mary Kubica,Paperback,New,$16.99
b191,Committed,Viet Thanh Nguyen,Paperback,Used,$18.00
b192,Missing Presumed,Susie Steiner,Paperback,Used,$17.00
b193,A Trick of the Light: Chief Inspector Gamache 7,Louise Penny,Paperback,Used,$17.99
b194,The Long Way Home: Chief Inspector Gamache 10,Louise Penny,Paperback,Used,$17.99
b195,The Nature of the Beast: Chief Inspector Gamache 11,Louise Penny,Paperback,Used,$17.99
b196,The Beautiful Mystery: Chief Inspector Gamache 8,Louise Penny,Paperback,Used,$17.99
b197,How the Light Gets In: Chief Inspector Gamache 9,Louise Penny,Paperback,Used,$17.99
b198,Still Life: Chief Inspector Gamache 1,Louise Penny,Not Specified,Used,$9.99
b199,If We Were Villains,M L Rio,Paperback,New,$17.99
b200,The Dry,Jane Harper,Paperback,Used,$16.99
b201,Behind Her Eyes: A Suspenseful Psychological Thriller,Sarah Pinborough,Paperback,Used,$16.99
b202,Wife Between Us,"Greer Hendricks, Sarah Pekkanen",Paperback,Used,$16.99
b203,Behind Closed Doors,B A Paris,Paperback,Used,$17.99
b204,All the Devils Are Here (Chief Inspector Gamache #16),Louise Penny,Paperback,Used,$17.99
b205,Madness of Crowds,Louise Penny,Paperback,New,$17.99
b206,World of Curiosities,Louise Penny,Paperback,New,$19.00
b207,Exiles,Jane Harper,Hardcover,Used,$27.99
b208,Better Man A Chief Inspector Gamache Novel,Louise Penny,Not Specified,Used,$9.99
b209,Rock Paper Scissors,Alice Feeney,Paperback,New,$17.99
b210,Silent Patient,Alex Michaelides,Hardcover,Used,$27.99
b211,The Maidens,Alex Michaelides,Hardcover,Used,$27.99
b212,Maidens,Alex Michaelides,Paperback,Used,$17.99
b213,All the Devils Are Here,Louise Penny,Not Specified,New,$9.99
b214,Flicker in the Dark,Stacy Willingham,Hardcover,Used,$27.99
b215,Flicker in the Dark A Novel,Stacy Willingham,Paperback,Used,$17.99
b216,Finlay Donovan Is Killing It A Mystery,Elle Cosimano,Paperback,Used,$17.99
b217,Lavender House,Lev AC Rosen,Hardcover,New,$26.99
b218,Bark to the Future,Spencer Quinn,Paperback,New,$18.99
b219,Madness of Crowds,Louise Penny,Not Specified,Used,$9.99
b220,Night Shift,Alex Finlay,Not Specified,Used,$9.99
b221,Shadow House,Anna Downes,Paperback,Used,$8.98
b222,What Lies in the Woods,Kate Alice Marshall,Hardcover,Used,$28.99
b223,Two Nights in Lisbon,Chris Pavone,Paperback,New,$19.00
b224,Old Woman with the Knife,Gu Byeong-Mo,Hardcover,Used,$19.99
b225,Lock Up A Novel,John Banville,Hardcover,New,$30.00
b226,The No. 1 Ladies' Detective Agency,"McCall Smith, Alexander",Paperback,Used,$16.00
b227,Out,Natsuo Kirino,Paperback,Used,$18.00
b228,Bullet Train,"Kotaro Isaka, Sam Malissa",Paperback,Used,$17.00
b229,Little Old Lady Who Broke All the Rules,Ingelman Sundberg,Paperback,Used,$6.95
b230,Secret Place,Tana French,Paperback,Used,$9.95
b231,Murder Your Employer: The McMaster's Guide to Homicide,Rupert Holmes,Hardcover,New,$28.00
b232,The Killing Forest,Sara Blaedel,Paperback,Used,$16.99
b233,Woman in the Library,Sulari Gentill,Paperback,Used,$16.99
b234,Luckiest Girl Alive,Jessica Knoll,Paperback,Used,$17.99
b235,Fresh Brewed Murder,Emmeline Duncan,Paperback,Used,$16.95
b236,Flat White Fatality (Ground Rules #3),Emmeline Duncan,Paperback,New,$16.95
b237,Witch Upon a Star (A Witch Way Librarian Mysteries),Angela M. Sanders,Not Specified,New,$8.99
b238,"In a Dark, Dark Wood",Ruth Ware,Paperback,Used,$17.99
b239,Midnight at the Bright Ideas Bookstore,Matthew Sullivan,Paperback,Used,$18.00
b240,The Lying Game,Ruth Ware,Paperback,Used,$17.99
b241,Family Upstairs,Lisa Jewell,Paperback,Used,$17.99
b242,In a Dark Dark Wood,Ruth Ware,Not Specified,Used,$9.99
b243,Run Rose Run,"James Patterson, Dolly Parton",Paperback,Used,$18.99
b244,Desert Star,Michael Connelly,Paperback,New,$18.99
b245,The Girl on the Train,Paula Hawkins,Hardcover,Used,$26.95
b246,Central Park West A Crime Novel,James Comey,Hardcover,Used,$30.00
b247,Game On Tempting Twenty Eight,Janet Evanovich,Paperback,Used,$9.99
b248,Dark Hours,Michael Connelly,Hardcover,Used,$29.00
b249,Troubled Blood,Robert Galbraith,Paperback,Used,$18.99
b250,The Concrete Blonde: Harry Bosch 3,Michael Connelly,Not Specified,Used,$7.99
b251,Pirate Latitudes,Michael Crichton,Not Specified,Used,$9.99
b252,Two for the Dough,Janet Evanovich,Not Specified,Used,$7.99
b253,Three To Get Deadly,Janet Evanovich,Not Specified,Used,$8.99
b254,One by One,Ruth Ware,Paperback,Used,$16.99
b255,A Wanted Man: Jack Reacher 17,Lee Child,Not Specified,Used,$9.99
b256,Without Fail: Jack Reacher 6,Lee Child,Not Specified,Used,$9.99
b257,Good Girl,Mary Kubica,Paperback,Used,$17.99
b258,620 Man A Thriller,David Baldacci,Paperback,New,$18.99
b259,In the Woods,Tana French,Not Specified,Used,$9.99
b260,Silent Patient,Alex Michaelides,Book,Used,$11.95
b261,Paris Apartment,Lucy Foley,Book,Used,$14.95
b262,How to Kill Men & Get Away With It,Katy Brent,Paperback,New,$16.99
b263,Skeleton Man,Tony Hillerman,Not Specified,Used,$7.99
b264,Random,Penn Jillette,Hardcover,Used,$27.95
b265,Scorched Grace: A Sister Holiday Mystery,Margot Douaihy,Hardcover,Used,$27.95
b266,Death by Beach Read,Eva Gates,Paperback,New,$17.99
b267,Bangalore Detectives Club,Harini Nagendra,Hardcover,Used,$39.00
b268,Agatha Christie An Elusive Woman,Lucy Worsley,Hardcover,New,$29.95
b269,Clark & Division,Naomi Hirahara,Paperback,Used,$16.95
b270,Standing by the Wall The Collected Slough House Novellas,Mick Herron,Paperback,New,$16.95
b271,Agatha Christie First Lady of Crime,"H R F Keating, Agatha Christie, Sophie Hannah",Hardcover,Used,$26.95
b272,Portrait of an Unknown Lady A Novel,"Maria Gainza, Thomas Bunstead",Paperback,New,$15.95
b273,Twyford Code,Janice Hallett,Hardcover,Used,$27.00
b274,Gates of Mars Halo Trilogy 01,"Kathleen Sara McFall, Clark Daniel Hays",Paperback,New,$15.95
b275,Beer and Loathing: A Sloan Krause Mystery,Ellie Alexander,Paperback,New,$16.00
b276,The Hangman,Louise Penny,Paperback,New,$10.95
b277,Adventures of Sherlock Holmes,Arthur Conan Doyle,Paperback,Used,$11.98
b278,Decagon House Murders,"Yukito Ayatsuji, Hong Li Wong",Paperback,New,$14.95
b279,Mill House Murders The Classic Japanese Locked Room Mystery,"Yukito Ayatsuji, Ho Ling Wong",Paperback,New,$15.95
b280,Snowman,Jo Nesbo,Not Specified,Used,$6.98
b281,If We Were Villains,M L Rio,Paperback,Used,$9.95
b282,Murder on the Links A Hercule Poirot Mystery,Agatha Christie,Paperback,Used,$10.95
b283,Dream Of A Falling Eagle,George C. Chesbro,Paperback,New,$16.99
b284,Lowcountry Bordello,Susan M. Boyer,Paperback,New,$16.99
b285,Vera Kelly: Lost and Found,Rosalie Knecht,Paperback,New,$15.95
b286,The Night Flowers,Sara Herchenroether,Hardcover,New,$26.95
b287,Good Girl Bad Girl,Michael Robotham,Paperback,Used,$17.00
b288,Fox Creek,William Kent Krueger,Paperback,New,$17.99
b289,They Never Learn,Layne Fargo,Paperback,New,$17.99
b290,Night She Disappeared,Lisa Jewell,Paperback,Used,$17.99
b291,Last to Vanish,Megan Miranda,Hardcover,Used,$28.99
b292,Last to Vanish A Novel,Megan Miranda,Paperback,Used,$17.99
b293,Truth About Melody Browne A Novel,Lisa Jewell,Paperback,Used,$9.99
b294,Perfect Family,Robyn Harding,Paperback,Used,$16.99
b295,True Believer A Thriller,Jack Carr,Paperback,New,$17.99
b296,Better Off Dead,"Lee Child, Andrew Child",Not Specified,Used,$9.99
b297,Spare Room,Andrea Bartz,Hardcover,New,$28.99
b298,Paradox Hotel,Rob Hart,Paperback,Used,$18.00
b299,You Shouldnt Have Come Here,Jeneva Rose,Hardcover,Used,$26.99
b300,State Of Fear,Michael Crichton,Not Specified,Used,$7.99
b301,Sinister Pig,Tony Hillerman,Not Specified,Used,$7.99
b302,What The Dead Know,Laura Lippman,Not Specified,Used,$7.99
b303,The Redbreast: Harry Hole 3,Jo Nesbo,Paperback,Used,$16.99
b304,And Only to Deceive,"Alexander, Tasha",Paperback,Used,$14.99
b305,Nemesis: Harry Hole 4,Jo Nesbo,Paperback,Used,$16.99
b306,The Redbreast: Harry Hole 3,Jo Nesbo,Not Specified,Used,$8.99
b307,Nemesis: Harry Hole 4,Jo Nesbo,Not Specified,Used,$8.99
b308,Reamde,"Stephenson, Neal",Paperback,Used,$22.99
b309,Hercule Poirot The Complete Short Stories,Agatha Christie,Paperback,New,$25.99
b310,"Spider Woman's Daughter: Leaphorn, Chee And Manuelito 4",Anne Hillerman,Not Specified,Used,$9.99
b311,Rock with Wings,Anne Hillerman,Not Specified,Used,$9.99
b312,Tale Teller,Anne Hillerman,Not Specified,Used,$9.99
b313,Pretty Girls,Karin Slaughter,Not Specified,Used,$9.99
b314,Magpie Murders,Anthony Horowitz,Hardcover,Used,$29.99
b315,Heat 2 A Novel,"Michael Mann, Meg Gardiner",Paperback,New,$19.99
b316,The Last Mrs. Parrish,LIV Constantine,Paperback,Used,$16.99
b317,The Force - Large Print Edition,Don Winslow,Paperback,New,$27.99
b318,Sentence Is Death,Anthony Horowitz,Paperback,Used,$18.00
b319,City on Fire,Don Winslow,Paperback,New,$18.99
b320,City on Fire,Don Winslow,Hardcover,Used,$28.99
b321,Death on the Nile A Hercule Poirot Mystery,Agatha Christie,Paperback,Used,$15.99
b322,Take No Names A Novel,Daniel Nieh,Paperback,New,$18.99
b323,Kingdom of Bones A Thriller,James Rollins,Not Specified,Used,$9.99
b324,Sacred Bridge A Leaphorn Chee & Manuelito Novel,Anne Hillerman,Not Specified,Used,$9.99
b325,Stargazer,Anne Hillerman,Not Specified,Used,$9.99
b326,"Way of the Bear (Leaphorn, Chee, and Manuelito #8)",Anne Hillerman,Hardcover,New,$30.00
b327,Twist of a Knife,Anthony Horowitz,Hardcover,Used,$29.99
b328,Moonflower Murders,Anthony Horowitz,Hardcover,Used,$28.99
b329,Mysterious Affair at Styles The First Hercule Poirot Mystery,Agatha Christie,Paperback,New,$9.99
b330,The Secret of Chimneys,Agatha Christie,Paperback,New,$9.99
b331,Overboard A Novel,Sara Paretsky,Paperback,New,$18.99
b332,Moonflower Murders - Large Print Edition,Anthony Horowitz,Paperback,New,$30.99
b333,Murder Rule A Novel,Dervla McTiernan,Paperback,New,$18.99
b334,All Her Little Secrets: A Novel,Wanda M. Morris,Paperback,Used,$16.99
b335,Mystery of the Blue Train A Hercule Poirot Mystery,Agatha Christie,Paperback,New,$16.99
b336,Enigma of Room 622,"Joel Dicker, Robert Bononno",Hardcover,Used,$29.99
b337,When No One Is Watching,Alyssa Cole,Not Specified,Used,$9.99
b338,Hercule Poirots Christmas A Hercule Poirot Mystery,Agatha Christie,Paperback,New,$15.99
b339,A Line to Kill - Large Print Edition,Anthony Horowitz,Paperback,New,$29.99
b340,Act of Oblivion,Robert Harris,Hardcover,New,$28.99
b341,She Started It A Novel,Sian Gilbert,Hardcover,New,$30.00
b342,Nemesis uk ed,Jo Nesbo,Not Specified,Used,$5.95
b343,Nemesis,Jo Nesbo,Not Specified,Used,$5.95
b344,Woman in Cabin 10,Ruth Ware,Paperback,Used,$9.98
b345,Eyre Affair Thursday Next 01,Jasper Fforde,Paperback,Used,$18.00
b346,Birds of a Feather: Maisie Dobbs 2,Jacqueline Winspear,Paperback,Used,$16.00
b347,The Cold Dish: Walt Longmire 1,Craig Johnson,Paperback,Used,$18.00
b348,Under the Harrow,Flynn Berry,Paperback,Used,$17.00
b349,"Tinker, Tailor, Soldier, Spy: George Smiley 5",John le Carre,Paperback,Used,$19.00
b350,Spy Who Came in from the Cold A George Smiley Novel,John Le Carre,Paperback,Used,$17.00
b351,A Delicate Truth,John le Carré,Paperback,Used,$16.00
b352,The Perfect Nanny,Leila Slimani,Paperback,Used,$17.00
b353,Name of the Rose,Umberto Eco,Paperback,Used,$15.00
b354,Club Dumas,Arturo Perez-Reverte,Paperback,Used,$16.99
b355,Lady in the Lake,Raymond Chandler,Paperback,Used,$8.98
b356,Man Who Died Twice A Thursday Murder Club Mystery,Richard Osman,Paperback,Used,$10.95
b357,The Girl with the Dragon Tattoo,Stieg Larsson,Hardcover,Used,$35.00
b358,Still Missing,Chevy Stevens,Paperback,Used,$17.99
b359,Heartsick,Chelsea Cain,Not Specified,Used,$7.99
b360,High Five,Janet Evanovich,Not Specified,Used,$10.99
b361,& Then There Were None,Agatha Christie,Not Specified,Used,$5.99
b362,One Good Turn,Kate Atkinson,Paperback,Used,$18.99
b363,The Shining Girls,Lauren Beukes,Paperback,Used,$17.99
b364,Bluebird Bluebird (Highway 59 #1),Attica Locke,Paperback,Used,$16.99
b365,23rd Midnight The Most Gripping Womens Murder Club Novel of Them All,"James Patterson, Maxine Paetro",Hardcover,New,$30.00
b366,Killer Instinct LARGE PRINT,James Patterson,Paperback,New,$30.00
b367,Lethal White (Cormoran Strike #4),Robert Galbraith,Paperback,Used,$18.99
b368,Everybody Knows,Jordan Harper,Hardcover,Used,$28.00
b369,Troubled Blood,Robert Galbraith,Hardcover,Used,$29.00
b370,Line in the Sand A Novel,Kevin Powers,Hardcover,New,$29.00
b371,Three Stations,Martin Cruz Smith,Paperback,Used,$7.95
b372,Likeness,Tana French,Paperback,Used,$8.95
b373,Broken Harbour,Tana French,Paperback,Used,$7.95
b374,Hostage,Robert Crais,Not Specified,Used,$7.99
b375,Litigators,John Grisham,Not Specified,Used,$9.99
b376,Racketeer,John Grisham,Not Specified,Used,$9.99
b377,Gray Mountain,John Grisham,Not Specified,Used,$9.99
b378,44 Scotland Street: 44 Scotland Street 1,Alexander McCall Smith,Paperback,Used,$9.98
b379,American Spy,Lauren Wilkinson,Paperback,Used,$10.95
b380,The Stranger Diaries,Elly Griffiths,Paperback,Used,$16.99
b381,Last Remains A Mystery,Elly Griffiths,Hardcover,Used,$30.00
b382,Two Nights in Lisbon,Chris Pavone,Hardcover,Used,$28.00
b383,My Name Is Red,"Pamuk, Orhan",Paperback,Used,$17.95
b384,Motherless Brooklyn,Jonathan Lethem,Paperback,Used,$18.00
b385,Perfume The Story Of A Murderer,Patrick Suskind,Paperback,Used,$17.00
b386,Rebecca,Daphne Du Maurier,Paperback,Used,$17.99
b387,Sweetness At The Bottom Of The Pie,Alan Bradley,Hardcover,Used,$23.00
b388,Lost Symbol,Dan Brown,Hardcover,Used,$35.00
b389,Judges List,John Grisham,Hardcover,Used,$29.95
b390,Long Goodbye,"Chandler, Raymond",Paperback,Used,$17.00
b391,The Big Sleep,Raymond Chandler,Paperback,Used,$16.00
b392,Fever Dream: A Novel,Samanta Schweblin,Paperback,New,$17.00
b393,Midnight Line: Jack Reacher 22,Lee Child,Not Specified,Used,$9.99
b394,T Is For Trespass,Sue Grafton,Not Specified,Used,$7.99
b395,U is for Undertow,Sue Grafton,Not Specified,Used,$7.99
b396,Ghost Goes to the Dogs,Cleo Coyle,Not Specified,New,$8.99
b397,Yard,Alex Grecian,Paperback,Used,$17.00
b398,W Is for Wasted,Sue Grafton,Not Specified,Used,$7.99
b399,Stone Cold: A Joe Pickett Novel: Joe Pickett 14,C J Box,Not Specified,Used,$9.99
b400,Sun Down Motel,Simone St James,Paperback,Used,$17.00
b401,Painted House,John Grisham,Not Specified,Used,$7.99
b402,Gone Tomorrow: Jack Reacher 13,Lee Child,Not Specified,Used,$9.99
b403,Innocent Man Murder & Injustice in a Small Town,John Grisham,Not Specified,Used,$7.99
b404,Persuader: Jack Reacher 7,Lee Child,Not Specified,Used,$9.99
b405,Worth Dying For: Jack Reacher 15,Lee Child,Not Specified,Used,$9.99
b406,The Affair: Jack Reacher 16,Lee Child,Not Specified,Used,$9.99
b407,Never Go Back: Jack Recher 18,Lee Child,Not Specified,Used,$9.99
b408,Dead Until Dark Southern Vampire 01,Charlaine Harris,Not Specified,Used,$8.99
b409,Dead Until Dark Southern Vampire 01 Tie In Cover,Charlaine Harris,Not Specified,Used,$7.99
b410,Trunk Music: Harry Bosch 5,Michael Connelly,Not Specified,Used,$7.99
b411,Along Came A Spider: Alex Cross 1,James Patterson,Not Specified,Used,$8.00
b412,The Overlook: Harry Bosch 13,Michael Connelly,Not Specified,Used,$8.00
b413,The Reversal: Lincoln Lawyer 3,Michael Connelly,Not Specified,Used,$10.00
b414,Sick Puppy,Carl Hiaasen,Not Specified,Used,$8.00
b415,Angels Flight: Harry Bosch 6,Michael Connelly,Not Specified,Used,$7.99
b416,Void Moon: Cassie Black 1,Michael Connelly,Not Specified,Used,$8.00
b417,1st To Die: Women's Murder Club 1,James Patterson,Not Specified,Used,$8.99
b418,Cabinet Of Curiosities,Douglas Preston and Lincoln Child,Not Specified,Used,$7.99
b419,City Of Bones: Harry Bosch 8,Michael Connelly,Not Specified,Used,$7.99
b420,Lost Light: Harry Bosch 9,Michael Connelly,Not Specified,Used,$8.00
b421,The Narrows: Harry Bosch 10,Michael Connelly,Not Specified,Used,$7.99
b422,Basket Case,Carl Hiaasen,Not Specified,Used,$7.99
b423,Split Second: King and Maxwell 1,David Baldacci,Not Specified,Used,$7.99
b424,The Lincoln Lawyer: Lincoln Lawyer 1,Michael Connelly,Not Specified,Used,$7.99
b425,The Closers: Harry Bosch 11,Michael Connelly,Not Specified,Used,$7.99
b426,Echo Park: Harry Bosch 12,Michael Connelly,Not Specified,Used,$8.00
b427,Hour Game: King and Maxwell 2,David Baldacci,Not Specified,Used,$7.99
b428,Simple Genius: King and Maxwell 3,David Baldacci,Not Specified,Used,$10.00
b429,A Darkness More Than Night: Harry Bosch 7,Michael Connelly,Not Specified,Used,$7.99
b430,Whiteout,Ken Follett,Not Specified,Used,$9.99
b431,Fall of Giants,Ken Follett,Not Specified,Used,$10.99
b432,Evening & the Morning,Ken Follett,Paperback,Used,$20.00
b433,My Lovely Wife,Samantha Downing,Paperback,Used,$17.00
b434,The Keeper of Lost Causes (Department Q #1),Jussi Adler-Olsen,Paperback,Used,$19.00
b435,Tripwire: Jack Reacher 3,Lee Child,Not Specified,Used,$7.99
b436,Running Blind: Jack Reacher 4,Lee Child,Not Specified,Used,$7.99
b437,Without Fail: Jack Reacher 6,Lee Child,Not Specified,Used,$7.99
b438,Bad Man,Dathan Auerbach,Paperback,New,$17.00
b439,Squeeze Me,Carl Hiaasen,Paperback,Used,$17.00
b440,Racing the Light,Robert Crais,Paperback,New,$18.00
b441,Origin,Dan Brown,Paperback,Used,$18.00
b442,Murder on the Links,Agatha Christie,Paperback,New,$11.00
b443,Sharp Objects Movie Tie In,Gillian Flynn,Not Specified,Used,$9.99
b444,We Are All the Same in the Dark A Novel,Julia Heaberlin,Paperback,Used,$17.00
b445,Lady Cop Makes Trouble,Amy Stewart,Paperback,Used,$15.99
b446,The Best American Mystery Stories: 2018,Louise Penny,Paperback,Used,$15.99
b447,Best American Mystery Stories 2012,Robert Crais,Paperback,Used,$22.95
b448,Bangkok 8: Royal Thai Detective Sonchai Jitpleecheep 1,John Burdett,Not Specified,Used,$4.95
b449,Sherlock Holmes: The Complete Novels and Stories: Volume 1,Arthur Conan Doyle,Not Specified,Used,$7.99
b450,Bourne Identity,Robert Ludlum,Not Specified,Used,$4.95
b451,Night Dogs,Kent Anderson,Not Specified,Used,$7.99
b452,Fragment,Warren Fahy,Not Specified,Used,$8.99
b453,Mr Churchills Secretary a Maggie Hope Novel,Susan Elia Macneal,Paperback,Used,$17.00
b454,Judges List,John Grisham,Paperback,Used,$18.00
b455,House Across the Lake,Riley Sager,Hardcover,Used,$27.00
b456,House in the Pines,Ana Reyes,Hardcover,New,$27.00
b457,Dead Dead Girls,Nekesa Afia,Paperback,Used,$16.00
b458,Blackmail & Bibingka,Mia P Manansala,Paperback,Used,$17.00
b459,The Sanatorium,Sarah Pearse,Paperback,Used,$17.00
b460,Something to Hide A Lynley Novel,Elizabeth George,Paperback,Used,$19.00
b461,Daughter of the Morning Star A Longmire Mystery,Craig Johnson,Paperback,New,$17.00
b462,Never,Ken Follett,Paperback,Used,$20.00
b463,While Justice Sleeps,Stacey Abrams,Paperback,Used,$17.00
b464,Poirot Investigates,Agatha Christie,Paperback,New,$9.95
b465,A Judgement in Stone,Ruth Rendell,Paperback,Used,$16.00
b466,Late Mrs Willoughby A Novel,Claudia Gray,Paperback,New,$17.00
b467,To Kill a Troubadour A Bruno Chief of Police Novel,Martin Walker,Paperback,New,$17.00
b468,Local A Legal Thriller,Joey Hartstone,Paperback,New,$17.00
b469,The Violin Conspiracy,Brendan Slocumb,Hardcover,Used,$28.00
b470,Shadows Reel,C J Box,Paperback,Used,$9.99
b471,Four Aunties & a Wedding,Jesse Q Sutanto,Paperback,Used,$16.00
b472,Death by Bubble Tea,Jennifer J. Chow,Not Specified,Used,$8.99
b473,Velvet Was the Night: A Novel,Silvia Moreno-Garcia,Hardcover,Used,$28.00
b474,Velvet Was the Night,Silvia Moreno Garcia,Paperback,Used,$17.00
b475,The Thursday Murder Club - Large Print Edition,Richard Osman,Paperback,New,$28.00
b476,Clive Cusslers Dark Vector,Graham Brown,Paperback,Used,$9.99
b477,Red Dragon,Thomas Harris,Paperback,Used,$12.00
b478,Babysitter A novel,Joyce Carol Oates,Paperback,New,$18.00
b479,Sparring Partners,John Grisham,Paperback,Used,$18.00
b480,House Across the Lake,Riley Sager,Hardcover,Used,$17.95
b481,Silverview,John Le Carre,Paperback,Used,$17.00
b482,Back to the Garden,Laurie R King,Hardcover,Used,$28.00
b483,Rizzoli & Isles Listen to Me,Tess Gerritsen,Paperback,New,$9.99
b484,Such Pretty Flowers,K L Cerra,Paperback,New,$17.00
b485,Clive Cusslers Fire Strike,Mike Maden,Hardcover,New,$29.95
b486,Stone Cold Fox,Rachel Koller Croft,Hardcover,Used,$27.00
b487,Burner,Mark Greaney,Hardcover,New,$29.00
b488,The Bullet That Missed - Large Print Edition,Richard Osman,Paperback,New,$29.00
b489,Deception Point,Dan Brown,Not Specified,Used,$6.99
b490,The Rose of the World,Alys Clare,Hardcover,New,$34.99
b491,Paragon Hotel,Lyndsay Faye,Paperback,Used,$17.00
b492,Slow Fire Burning,Paula Hawkins,Hardcover,Used,$28.00
b493,The Couple Next Door,Shari Lapena,Paperback,Used,$16.00
b494,The Witch Elm,Tana French,Hardcover,Used,$28.00
b495,Bury Your Dead: Chief Inspector Gamache 6,Louise Penny,Paperback,Used,$9.95
b496,A Fatal Grace: Chief Inspector Gamache 2,Louise Penny,Paperback,Used,$8.95
b497,Expats,Chris Pavone,Paperback,Used,$18.00
b498,So Shall You Reap,Donna Leon,Hardcover,New,$28.00
b499,Personal: Jack Reacher 19,Lee Child,Not Specified,Used,$9.99
b500,Make Me: Jack Reacher 20,Lee Child,Not Specified,Used,$9.99
b501,The Grownup: A Story by the Author of Gone Girl,Gillian Flynn,Hardcover,Used,$9.99
b502,American Spy,Lauren Wilkinson,Paperback,Used,$17.00
b503,Detection and Its Designs: Narrative and Power in Nineteenth-Century Detective Fiction,Peter Thoms,Hardcover,New,$53.27
b504,Kill Shot UK,Vince Flynn,Paperback,Used,$14.00
b505,Double Dog Dare,Donna Ball,Paperback,New,$17.50
b506,The Secret World of Christoval Alvarez,Ann Swinfen,Paperback,New,$14.95
b507,Blood and Justice: A Private Investigator Mystery Series,Rayven T. Hill,Paperback,New,$12.99
b508,Never Lie,Freida McFadden,Paperback,New,$17.99
b509,"The Girl in the Spiders Web: A Lisbeth Salander Novel, Continuing Stieg Larssons Millennium Series",David Lagercrantz,Paperback,Used,$16.95
b510,Sharp Objects,Gillian Flynn,Not Specified,Used,$9.99
b511,Dark Places,Gillian Flynn,Not Specified,Used,$9.99
b512,Widow,Fiona Barton,Paperback,Used,$17.00
b513,A Great Reckoning: Chief Inspector Gamache 12,Louise Penny,Paperback,Used,$17.99
b514,The Sleeping and the Dead,Jeff Crook,Paperback,New,$22.99
b515,Glass Houses: Chief Inspector Gamache 13,Louise Penny,Paperback,Used,$17.99
b516,A Better Man: A Chief Inspector Gamache Novel,Louise Penny,Paperback,Used,$17.99
b517,Kingdom of the Blind: Chief Inspector Gamache 14,Louise Penny,Paperback,Used,$17.99
b518,Bury Your Dead: Chief Inspector Gamache 6,Louise Penny,Not Specified,Used,$9.99
b519,A Great Reckoning: Chief Inspector Gamache 12,Louise Penny,Not Specified,Used,$9.99
b520,All the Devils Are Here,Louise Penny,Hardcover,Used,$28.99
b521,Madness of Crowds,Louise Penny,Hardcover,Used,$28.99
b522,The Brutal Telling: Chief Inspector Gamache 5,Louise Penny,Paperback,Used,$12.00
b523,Echo Wife,Sarah Gailey,Paperback,Used,$16.99
b524,Glass Houses: Chief Inspector Gamache 13,Louise Penny,Not Specified,New,$9.99
b525,Soulmate,Sally Hepworth,Hardcover,New,$28.99
b526,Miracle Creek,Angie Kim,Paperback,Used,$17.00
b527,Razorblade Tears,S A Cosby,Paperback,Used,$17.99
b528,Angel Maker,Alex North,Hardcover,New,$28.99
b529,Misfortune Cookie,Vivien Chien,Not Specified,New,$8.99
b530,Therapist,BA Paris,Paperback,Used,$17.99
b531,Reckless Girls A Novel,Rachel Hawkins,Paperback,Used,$17.99
b532,Whisper Man A Novel,Alex North,Not Specified,Used,$9.99
b533,Lost Village,"Camilla Sten, Alexandra Fleming",Paperback,Used,$17.99
b534,All the Dangerous Things,Stacy Willingham,Hardcover,Used,$27.99
b535,Rip Through Time,Kelley Armstrong,Paperback,New,$17.99
b536,Daisy Darker,Alice Feeney,Hardcover,Used,$28.99
b537,Muffin But the Truth A Bakeshop Mystery,Ellie Alexander,Not Specified,New,$8.99
b538,Eden Test,Adam Sternbergh,Hardcover,New,$27.99
b539,Finlay Donovan Is Killing It A Mystery,Elle Cosimano,Not Specified,New,$9.99
b540,My Darkest Prayer,S A Cosby,Paperback,New,$16.99
b541,Razorblade Tears,S A Cosby,Not Specified,New,$9.99
b542,Speak of the Devil,Rose Wilding,Hardcover,New,$28.00
b543,World of Curiosities,Louise Penny,Not Specified,New,$9.99
b544,Things We Do in the Dark,Jennifer Hillier,Paperback,New,$18.00
b545,Girl by the Bridge,Arnaldur Indridason,Hardcover,New,$29.00
b546,Snow,John Banville,Paperback,Used,$16.99
b547,The Lost Symbol,"Brown, Dan",Not Specified,Used,$9.99
b548,Da Vinci Code,Dan Brown,Not Specified,Used,$6.95
b549,Power of the Dog,Don Winslow,Paperback,Used,$19.00
b550,A Most Wanted Man,John le Carré,Paperback,Used,$18.00
b551,Through the Magic Door,Arthur Conan Doyle,Paperback,New,$19.75
b552,In the Woods,Tana French,Paperback,Used,$10.98
b553,Dirty Work,Reed Coleman,Paperback,New,$9.95
b554,Carnival,J. Robert Janes,Paperback,New,$26.99
b555,Ladys Guide to Etiquette & Murder,Dianne Freeman,Paperback,Used,$15.95
b556,Dedication to Murder,Lauren Elliott,Not Specified,New,$8.99
b557,Mastering the Art of French Murder,Colleen Cambridge,Hardcover,New,$27.00
b558,Cinnamon Twisted,Ginger Bolton,Paperback,New,$16.95
b559,Charlotte Illes Is Not a Detective: A Modern and Witty Mystery,Katie Siegel,Paperback,New,$16.95
b560,Twenty Years Later,Charlie Donlea,Paperback,Used,$16.95
b561,Last House Guest,Megan Miranda,Paperback,Used,$17.00
b562,Lock Every Door,Riley Sager,Paperback,Used,$18.00
b563,Home Before Dark,Riley Sager,Paperback,Used,$18.00
b564,In the Woods,Tana French,Paperback,Used,$9.95
b565,Cabinet of Dr Leng,"Douglas Preston, Lincoln Child",Hardcover,Used,$30.00
b566,Simply Lies,David Baldacci,Hardcover,Used,$30.00
b567,Private Moscow,James Patterson,Paperback,New,$18.99
b568,The Mandala of Sherlock Holmes: The Adventures of the Great Detective in India and Tibet,Jamyang Norbu,Paperback,Used,$13.95
b569,The Long Ships,"Bengtsson, Frans G.",Paperback,Used,$19.95
b570,The Benson Murder Case,S. S. Van Dine,Paperback,Used,$15.95
b571,Mysterious Bookshop Presents the Best Mystery Stories of the Year 2022,"Sara Paretsky, Otto Penzler",Paperback,Used,$17.95
b572,Siberia Job,Josh Haven,Hardcover,New,$26.95
b573,Descent,Tim Johnston,Paperback,Used,$15.95
b574,Detective Inspector Huss,"Tursten, Helene",Paperback,Used,$9.99
b575,Dead Lions,Mick Herron,Paperback,New,$16.95
b576,Cult X,Fuminori Nakamura,Hardcover,Used,$27.95
b577,Real Tigers: Slough House 3,Mick Herron,Paperback,New,$16.95
b578,The Blackhouse: Lewis 1,Peter May,Paperback,Used,$15.99
b579,Misdirection: A Rusty Diamond Mystery,Austin Williams,Paperback,New,$14.99
b580,Paris Librarian A Hugo Marston Novel,Mark Pryor,Paperback,Used,$19.95
b581,The Book Artist: A Hugo Marston Novel,Mark Pryor,Paperback,Used,$18.95
b582,Wailing Wind,Tony Hillerman,Not Specified,Used,$7.50
b583,Dream Town,David Baldacci,Paperback,Used,$18.99
b584,The Fifth Witness: Lincoln Lawyer 4,Michael Connelly,Not Specified,Used,$10.00
b585,Leaving Everything Most Loved: Maisie Dobbs 10,Jacqueline Winspear,Paperback,Used,$15.99
b586,Four to Score,Janet Evanovich,Not Specified,Used,$10.99
b587,Digital Fortress,Dan Brown,Not Specified,Used,$4.95
b588,The Gods of Guilt: Lincoln Lawyer 5,Michael Connelly,Not Specified,Used,$10.00
b589,Mary Russell's War: A Novel of Suspense Featuring Mary Russell and Sherlock Holmes,Laurie R King,Paperback,Used,$15.99
b590,Final Girls A Novel,Riley Sager,Paperback,Used,$18.00
b591,My Killer Vacation,Tessa Bailey,Paperback,Used,$13.99
b592,Cockroaches: Harry Hole 2,Jo Nesbo,Paperback,Used,$18.00
b593,Last Policeman,Ben H Winters,Paperback,Used,$14.99
b594,Blue Moon A Jack Reacher Novel,Lee Child,Not Specified,Used,$9.99
b595,Sherlock Holmes The Complete Novels & Stories Volume II,Arthur Conan Doyle,Not Specified,Used,$6.95
b596,Death of a Bookseller,Alice Slater,Hardcover,Used,$26.95
b597,Ink Black Heart A Cormoran Strike Novel,Robert Galbraith,Paperback,New,$22.99
b598,Out of Range Joe Pickett 05,C J Box,Not Specified,Used,$9.99
b599,Last Word A Novel,Taylor Adams,Hardcover,New,$30.00
b600,Hunting Badger,Tony Hillerman,Not Specified,Used,$7.99
b601,Maidens,Alex Michaelides,Book,Used,$11.95
b602,Girl in the Walls,A J Gnuse,Hardcover,Used,$9.95
b603,Spoonful of Murder,JM Hall,Paperback,New,$16.99
b604,Sandstorm Sigma Force 01,James Rollins,Not Specified,Used,$7.99
b605,Metro Girl Alex Barnaby,Janet Evanovich,Not Specified,Used,$7.99
b606,Lost Lake,Phillip Margolin,Not Specified,Used,$9.99
b607,Death at La Fenice A Commissario Guido Brunetti Mystery,Donna Leon,Paperback,Used,$15.99
b608,Last Kingdom Saxon Chronicles 01,Bernard Cornwell,Paperback,Used,$16.99
b609,Slough House,Mick Herron,Paperback,New,$16.95
b610,Bad Actors,Mick Herron,Hardcover,New,$27.95
b611,Bad Actors,Mick Herron,Paperback,New,$16.95
b612,Nightingale Affair,Tim Mason,Hardcover,New,$28.00
b613,Tarot Goblinko Dark Fantasy Medieval Punk Tarot,Sean Aaberg,Hardcover,New,$29.95
b614,Going Rogue,Janet Evanovich,Hardcover,Used,$28.99
b615,One by One,Ruth Ware,Paperback,New,$10.99
b616,The nGustro Affair,Jean-Patrick Manchette,Paperback,Used,$15.95
b617,Devil & the Dark Water,Stuart Turton,Paperback,Used,$16.99
b618,& There He Kept Her,Joshua Moehling,Paperback,Used,$17.99
b619,Joyland,Stephen King,Not Specified,Used,$8.99
b620,Cthulhu Casebooks Sherlock Holmes & the Miskatonic Monstrosities,James Lovegrove,Hardcover,Used,$19.99
b621,Study in Brimstone Warlock Holmes 01,G S Denning,Paperback,Used,$16.95
b622,The Girl Before,J P Delaney,Paperback,Used,$9.98
b623,Transient Desires,Donna Leon,Paperback,Used,$8.95
b624,Fool Me Once,Harlan Coben,Paperback,Used,$6.95
b625,Complete Sherlock Holmes Collection An Official Sherlock Holmes Museum Product,Arthur Conan Doyle,Hardcover,New,$34.95
b626,The Perfect Marriage,Jeneva Rose,Paperback,New,$15.99
b627,The House on Vesper Sands,Paraic O'Donnell,Hardcover,Used,$26.95
b628,You A Novel,Caroline Kepnes,Paperback,Used,$9.99
b629,Invisible Girl,Lisa Jewell,Paperback,Used,$17.00
b630,Girls in the Garden,Lisa Jewell,Paperback,Used,$9.99
b631,Confidence,Rafael Frumkin,Hardcover,New,$27.99
b632,No Plan B A Jack Reacher Novel,"Lee Child, Andrew Child",Paperback,New,$18.00
b633,Citizen Vince,Jess Walter,Paperback,Used,$14.95
b634,Moriarty,Anthony Horowitz,Paperback,Used,$17.00
b635,Song of the Lion A Leaphorn Chee & Manuelito Novel,Anne Hillerman,Not Specified,Used,$9.99
b636,"Cave of Bones: Leaphorn, Chee And Manuelito 4",Anne Hillerman,Not Specified,Used,$9.99
b637,The Little Old Lady Who Broke All the Rules: League of Pensioners 1,Catharina Ingelman-Sundberg,Paperback,Used,$16.99
b638,The Word Is Murder,Anthony Horowitz,Hardcover,New,$27.99
b639,Guest List,Lucy Foley,Hardcover,Used,$30.00
b640,Line to Kill,Anthony Horowitz,Hardcover,Used,$27.99
b641,Winter Counts: A Novel,David Heska Wanbli Weiden,Paperback,Used,$16.99
b642,Guest List - Large Print Edition,Lucy Foley,Paperback,New,$29.99
b643,Murder of Roger Ackroyd A Hercule Poirot Mystery,Agatha Christie,Paperback,Used,$15.99
b644,Nothing to Lose A JP Beaumont Novel,J A Jance,Not Specified,Used,$9.99
b645,Sunlit Weapon,Jacqueline Winspear,Hardcover,Used,$27.99
b646,Death on the Nile Movie Tie in 2022,Agatha Christie,Not Specified,Used,$9.99
b647,Casino Royale A Novel,Ian Fleming,Paperback,New,$18.99
b648,Maisie Dobbs: Maisie Dobbs 1,Jacqueline Winspear,Paperback,Used,$16.00
b649,A Conspiracy of Faith: A Department Q Novel,"Adler-Olsen, Jussi",Paperback,Used,$18.00
b650,Friends In High Places,Donna Leon,Not Specified,Used,$7.99
b651,Junkyard Dogs: Walt Longmire 6,Craig Johnson,Paperback,Used,$17.00
b652,Hell Is Empty: Walt Longmire 7,Craig Johnson,Paperback,Used,$17.00
b653,Spirit of Steamboat: Walt Longmire 10,Craig Johnson,Paperback,Used,$15.00
b654,Codex,Lev Grossman,Paperback,Used,$14.95
b655,Girl Who Kicked the Hornets Nest,Stieg Larsson,Paperback,Used,$17.95
b656,Bruno Chief of Police,Martin Walker,Paperback,Used,$17.00
b657,The Snowman: Harry Hole 7,Jo Nesbo,Paperback,Used,$18.00
b658,Twelve Sharp,Janet Evanovich,Not Specified,Used,$10.99
b659,"The Beekeeper's Apprentice: Or, on the Segregation of the Queen: A Novel of Suspense Featuring Mary Russell and Sherlock Holmes",Laurie R King,Paperback,Used,$14.00
b660,The Whites,Richard Price,Paperback,Used,$17.00
b661,Sweetheart,Chelsea Cain,Not Specified,Used,$7.99
b662,The Black Ice: Harry Bosch 2,Michael Connelly,Not Specified,Used,$5.99
b663,IQ,Joe Ide,Paperback,Used,$16.99
b664,Career of Evil,Robert Galbraith,Paperback,Used,$17.99
b665,The Devil Takes You Home,Gabino Iglesias,Hardcover,Used,$45.00
b666,Heart Full of Headstones An Inspector Rebus Novel,Ian Rankin,Hardcover,New,$28.00
b667,Who is Maud Dixon,Alexandra Andrews,Paperback,Used,$16.99
b668,Island,Adrian Mckinty,Paperback,Used,$11.98
b669,Explosive Eighteen,Janet Evanovich,Not Specified,Used,$8.99
b670,Sycamore Row,John Grisham,Not Specified,Used,$9.99
b671,Espresso Tales UK Edition,"Alexander McCall Smith, Alexander McCall Smith",Paperback,Used,$12.64
b672,"The Girl in the Spiders Web: A Lisbeth Salander Novel, Continuing Stieg Larsson's Millennium Series",David Lagercrantz,Hardcover,Used,$27.95
b673,Origin,Dan Brown,Hardcover,Used,$29.95
b674,Inferno,Dan Brown,Hardcover,Used,$29.95
b675,This Body's Not Big Enough for Both of Us,Edgar Cantero,Hardcover,Used,$25.95
b676,Past Tense: Jack Reacher 23,Lee Child,Not Specified,Used,$9.99
b677,Out Of Range,C J Box,Not Specified,Used,$8.99
b678,Force of Nature,C. J. Box,Not Specified,Used,$9.99
b679,Breaking Point,C. J. Box,Not Specified,Used,$9.99
b680,The Book of Cold Cases,Simone St. James,Hardcover,Used,$27.00
b681,Last Juror,John Grisham,Not Specified,Used,$7.99
b682,Broker,John Grisham,Not Specified,Used,$7.99
b683,Crocodile On The Sandbank,Elizabeth Peters,Not Specified,Used,$10.00
b684,The Brass Verdict: Lincoln Lawyer 2,Michael Connelly,Not Specified,Used,$10.00
b685,Bad Monkey,Carl Hiaasen,Not Specified,Used,$8.99
b686,The Drop: Harry Bosch 15,Michael Connelly,Not Specified,Used,$9.99
b687,Hell's Corner: Camel Club 5,David Baldacci,Not Specified,Used,$10.00
b688,The Poet: Jack McEvoy 1,Michael Connelly,Not Specified,Used,$8.00
b689,Brimstone,"Douglas Preston, Lincoln Child",Not Specified,Used,$7.99
b690,2nd Chance,James Patterson,Not Specified,Used,$8.99
b691,4th Of July,James Patterson,Not Specified,Used,$10.00
b692,The Camel Club: Camel Club 1,David Baldacci,Not Specified,Used,$8.99
b693,Night Fall,Nelson Demille,Not Specified,Used,$7.99
b694,Pillars of the Earth,Ken Follett,Not Specified,Used,$10.99
b695,Kill Artist,Daniel Silva,Not Specified,Used,$9.99
b696,World Without End,Ken Follett,Not Specified,Used,$10.99
b697,Column of Fire,Ken Follett,Not Specified,Used,$10.99
b698,Evening & the Morning,Ken Follett,Not Specified,Used,$10.99
b699,Depth of Winter: Walt Longmire 15,Craig Johnson,Paperback,Used,$17.00
b700,Runaway,Nick Petrie,Not Specified,Used,$9.99
b701,Secret Adversary,Agatha Christie,Paperback,New,$11.00
b702,Best American Mystery Stories 2011,"Harlan Coben, Otto Penzler",Paperback,Used,$23.95
b703,The Game: A Novel of Suspense Featuring Mary Russell and Sherlock Holmes,Laurie R King,Not Specified,Used,$6.99
b704,Lady in the Lake,Laura Lippman,Paperback,Used,$9.98
b705,Sierra Six,Mark Greaney,Paperback,Used,$9.99
b706,Claws for Suspicion,Deborah Blake,Not Specified,Used,$8.99
b707,Hell & Back A Longmire Mystery,Craig Johnson,Hardcover,New,$28.00
b708,The Big Sleep,Raymond Chandler,Paperback,Used,$16.00
b709,The Maltese Falcon,Dashiell Hammett,Paperback,New,$16.00
b710,Joy & Light Bus Company No 1 Ladies Detective Agency 22,"Alexander McCall Smith, Alexander McCall Smith",Hardcover,Used,$27.00
b711,Righteous Prey,John Sandford,Hardcover,Used,$29.95
b712,Cold Clay,Juneau Black,Paperback,New,$16.00
b713,Jackal,Erin E Adams,Hardcover,New,$27.00
b714,Enigma of Garlic 44 Scotland Street Series 16,Alexander McCall Smith,Paperback,New,$16.00
b715,Thin Man,Dashiell Hammett,Paperback,Used,$16.00
b716,Daughter of Time,Josephine Tey,Paperback,Used,$17.00
b717,Into the Water,Paula Hawkins,Hardcover,Used,$28.00
b718,Free Fire Joe Pickett 07,C J Box,Not Specified,Used,$9.99
b719,Girl on the Train Movie Tie In,Paula Hawkins,Not Specified,Used,$9.99
b720,Bad Monkey,Carl Hiaasen,Paperback,Used,$8.95
b721,One Year After One Second After Book 2,William R Forstchen,Not Specified,Used,$10.99
b722,Never Saw Me Coming,Vera Kurian,Hardcover,Used,$27.99
b723,An Event in Autumn,Henning Mankell,Paperback,Used,$15.95
b724,Mysterious Affair at Styles,"Agatha Christie, Barry Forshaw",Hardcover,New,$14.99
b725,Murder of Roger Ackroyd,"Agatha Christie, Barry Forshaw",Hardcover,New,$14.99
b726,The Cartel,Don Winslow,Paperback,Used,$16.95
b727,Whistler,John Grisham,Not Specified,Used,$9.99
b728,Girl Who Takes An Eye For An Eye Millennium Book 05,"David Lagercrantz, George Goulding",Paperback,Used,$16.95
b729,Hypnotist,Lars Kepler,Paperback,Used,$18.00
b730,The Nature of the Beast: Chief Inspector Gamache 11,Louise Penny,Hardcover,Used,$27.99
b731,"The Beekeeper's Apprentice: Or, on the Segregation of the Queen: A Novel of Suspense Featuring Mary Russell and Sherlock Holmes",Laurie R King,Paperback,Used,$18.00
b732,The Crow Trap: Vera Stanhope 1,Ann Cleeves,Paperback,Used,$17.99
b733,Wife Between Us,"Greer Hendricks, Sarah Pekkanen",Not Specified,Used,$9.99
b734,Death on Tap (Sloan Krause Mystery #1),Ellie Alexander,Not Specified,Used,$9.99
b735,The Dry: Aaron Falk 1,Jane Harper,Not Specified,Used,$9.99
b736,Kingdom of the Blind: Chief Inspector Gamache 14,Louise Penny,Not Specified,New,$9.99
b737,Cup of Holiday Fear,Ellie Alexander,Not Specified,New,$8.99
b738,Wife Upstairs,Rachel Hawkins,Paperback,Used,$17.99
b739,Murder at Black Oaks (Robin Lockwood #6),Phillip Margolin,Hardcover,Used,$27.99
b740,His & Hers A Novel,Alice Feeney,Paperback,New,$17.99
b741,We Begin at the End,Chris Whitaker,Hardcover,Used,$27.99
b742,Curds of Prey,Korina Moss,Not Specified,Used,$8.99
b743,Bark to the Future A Chet & Bernie Mystery,Spencer Quinn,Hardcover,New,$26.99
b744,Red Queen,Juan Gomez Jurado,Hardcover,New,$27.99
b745,Wife Upstairs A Novel,Rachel Hawkins,Not Specified,Used,$9.99
b746,Crossing Places,Elly Griffiths,Not Specified,Used,$8.99
b747,Couples Trip A Novel,Ulf Kvensler,Hardcover,Used,$30.00
b748,Tears of the Giraffe: No. 1 Ladies' Detective Agency 2,Alexander McCall Smith,Paperback,Used,$15.95
b749,Faceless Killers (Inspector Wallander #1),Henning Mankell,Paperback,Used,$16.00
b750,Inferno,Dan Brown,Not Specified,Used,$9.99
b751,Trespasser,Tana French,Paperback,Used,$9.95
b752,The Crossing: Harry Bosch 18,Michael Connelly,Paperback,Used,$17.99
b753,Before the Fall,Noah Hawley,Paperback,Used,$18.99
b754,"Intern's Handbook, Volume 1: A John Lago Thriller",Shane Kuhn,Paperback,Used,$19.99
b755,Matter of Hive & Death,Nancy Coco,Not Specified,Used,$8.99
b756,All the Missing Girls,Megan Miranda,Hardcover,Used,$25.00
b757,The Death of Mrs. Westaway,Ruth Ware,Paperback,Used,$16.99
b758,Are You Sleeping,Kathleen Barber,Paperback,Used,$16.00
b759,Watching You,Lisa Jewell,Paperback,Used,$16.99
b760,Squeeze Me,Carl Hiaasen,Hardcover,Used,$28.95
b761,Something in the Water,Catherine Steadman,Paperback,Used,$18.00
b762,Night Fire,Michael Connelly,Not Specified,Used,$9.99
b763,Presidents Daughter A Thriller,"James Patterson, Bill Clinton",Not Specified,New,$9.99
b764,Anthem,Noah Hawley,Paperback,New,$18.99
b765,Black Echo,Michael Connelly,Paperback,Used,$9.99
b766,The Black Echo: Harry Bosch 1,Michael Connelly,Not Specified,Used,$10.00
b767,I Will Find You,Harlan Coben,Hardcover,Used,$30.00
b768,Stone Maidens,Lloyd Richards,Paperback,New,$14.95
b769,Life We Bury,Allen Eskens,Paperback,Used,$17.95
b770,Shape Shifter,Tony Hillerman,Not Specified,Used,$9.99
b771,Game On Tempting Twenty Eight,Janet Evanovich,Paperback,Used,$17.99
b772,The Burning Room: Harry Bosch 17,Michael Connelly,Hardcover,Used,$31.00
b773,Recovery Agent A Novel,Janet Evanovich,Paperback,Used,$17.99
b774,Finlay Donovan Knocks Em Dead,Elle Cosimano,Paperback,Used,$17.99
b775,Eighth Detective,Alex Pavesi,Paperback,Used,$17.00
b776,Fortune & Glory Tantalizing Twenty Seven,Janet Evanovich,Not Specified,Used,$9.99
b777,The Big Bad Wolf: Alex Cross 9,James Patterson,Not Specified,Used,$8.99
b778,Twisted Twenty Six,Janet Evanovich,Not Specified,Used,$9.99
b779,Messenger of Truth: Maisie Dobbs 4,Jacqueline Winspear,Paperback,Used,$17.99
b780,The Fifth Witness: Lincoln Lawyer 4,Michael Connelly,Paperback,Used,$15.99
b781,Mercy,David Baldacci,Not Specified,Used,$9.99
b782,Two For The Dough,Janet Evanovich,Not Specified,Used,$8.99
b783,Agent Running in the Field,John Le Carré,Hardcover,Used,$29.00
b784,Finlay Donovan Jumps the Gun,Elle Cosimano,Hardcover,New,$26.99
b785,Complete Sherlock Holmes,Arthur Conan Doyle,Leather,Used,$30.00
b786,These Violent Delights A Novel,Micah Nemerever,Paperback,New,$17.99
b787,The Last Coyote: Harry Bosch 4,Michael Connelly,Not Specified,Used,$10.00
b788,Stone Cold: Camel Club 3,David Baldacci,Not Specified,Used,$10.00
b789,First Eagle,Tony Hillerman,Not Specified,Used,$6.99
b790,Killers of a Certain Age,Deanna Raybourn,Book,Used,$14.95
b791,Daisy Darker,Alice Feeney,Book,Used,$17.95
b792,All the Dangerous Things,Stacy Willingham,Book,Used,$12.95
b793,Writing Retreat,Julia Bartz,Book,Used,$14.95
b794,Sinister Pig,Tony Hillerman,Book,Used,$9.95
b795,Hannibal Rising,Thomas Harris,Book,Used,$9.95
b796,How to Kill Your Family,Bella MacKie,Paperback,Used,$11.95
b797,Dinner Guest,B P Walter,Paperback,Used,$12.99
b798,With No One As Witness,Elizabeth George,Not Specified,Used,$7.99
b799,Map Of Bones Sigma Force 02,James Rollins,Not Specified,Used,$7.99
b800,Tender Is the Flesh,Agustina Bazterrica and Sarah Moses,Paperback,New,$17.99
b801,Mexican Gothic,Silvia Moreno Garcia,Paperback,Used,$17.00
b802,The Final Girl Support Group,Grady Hendrix,Paperback,Used,$17.00
b803,Fairy Tale,Stephen King,Hardcover,Used,$32.50
b804,The Southern Book Club's Guide to Slaying Vampires,Grady Hendrix,Paperback,Used,$16.99
b805,The Only Good Indians,Stephen Graham Jones,Paperback,Used,$16.99
b806,The Ferryman,Justin Cronin,Hardcover,New,$30.00
b807,How to Sell a Haunted House,Grady Hendrix,Hardcover,New,$28.00
b808,Last House on Needless Street,Catriona Ward,Paperback,New,$17.99
b809,Fairy Tale,Stephen King,Paperback,New,$20.00
b810,Nineteen Claws & a Black Bird,"Agustina Bazterrica, Sarah Moses",Paperback,New,$17.99
b811,It Came from the Closet Queer Reflections on Horror,"Joe Vallese, Carmen Maria Machado, Bruce Owens Grimm",Paperback,New,$25.95
b812,Everything the Darkness Eats,Eric LaRocca,Paperback,New,$16.95
b813,The Girl With All The Gifts: Hungry Plague 1,M R Carey,Paperback,Used,$19.99
b814,This Thing Between Us,Gus Moreno,Paperback,New,$17.00
b815,House of Leaves,Mark Z. Danielewski,Paperback,Used,$29.00
b816,Manhunt,Gretchen Felker-Martin,Paperback,New,$17.99
b817,A House with Good Bones,T. Kingfisher,Hardcover,New,$26.99
b818,What Moves the Dead,T. Kingfisher,Hardcover,New,$19.99
b819,Nothing But Blackened Teeth,Cassandra Khaw,Paperback,Used,$12.99
b820,The Shining,Stephen King,Not Specified,Used,$9.99
b821,It,Stephen King,Paperback,Used,$21.99
b822,Summer Sons,Lee Mandelo,Paperback,New,$18.99
b823,Pride and Prejudice and Zombies: The Classic Regency Romance-Now with Ultraviolent Zombie Mayhem,Seth Grahame-Smith and Jane Austen,Paperback,Used,$14.95
b824,Final Girl Support Group,Grady Hendrix,Hardcover,Used,$28.00
b825,The Hollow Places,T. Kingfisher,Paperback,New,$17.99
b826,Lullaby,"Palahniuk, Chuck",Paperback,Used,$16.95
b827,Alice,Christina Henry,Paperback,Used,$17.00
b828,Troop,Nick Cutter,Not Specified,New,$10.99
b829,Southern Book Clubs Guide to Slaying Vampires,Grady Hendrix,Hardcover,Used,$22.99
b830,Ghost Eaters,Clay McLeod Chapman,Paperback,New,$16.99
b831,H P Lovecraft Cthulhu Mythos Tales,H P Lovecraft,Paperback,New,$14.99
b832,A Visit: A Ghost Story for Christmas,Shirley Jackson and Seth,Paperback,New,$7.95
b833,King in Yellow Deluxe Edition,Robert W Chambers,Hardcover,New,$18.95
b834,Carmilla,Sheridan Le Fanu,Hardcover,New,$18.95
b835,Things Have Gotten Worse Since We Last Spoke & Other Misfortunes,Eric Larocca,Hardcover,New,$19.95
b836,Trees Grew Because I Bled There Collected Stories,Eric Larocca,Hardcover,New,$19.95
b837,Carmilla,"Joseph Sheridan Le Fanu, Carmen Maria Machado",Paperback,New,$17.00
b838,God in the Shed,J F Dubeau,Paperback,Used,$17.99
b839,Kill Creek,Scott Thomas,Paperback,Used,$18.99
b840,Anybody Home?,Michael J. Seidlinger,Paperback,New,$18.95
b841,The Only Good Indians,Stephen Graham Jones,Hardcover,Used,$26.99
b842,My Heart Is a Chainsaw,Stephen Graham Jones,Paperback,Used,$17.99
b843,Don't Fear the Reaper,Stephen Graham Jones,Hardcover,New,$27.99
b844,Devolution A Firsthand Account of the Rainier Sasquatch Massacre,Max Brooks,Paperback,Used,$17.00
b845,They Were Here Before Us,Eric Larocca,Paperback,New,$12.99
b846,Your Body is Not Your Body,Matt Blairstone and Alex Woodroe,Paperback,New,$22.00
b847,Cabin at the End of the World,Paul Tremblay,Paperback,Used,$17.99
b848,The Luminous Dead,Caitlin Starling,Paperback,New,$19.99
b849,Cabin at the End of the World,Paul Tremblay,Not Specified,Used,$8.99
b850,Black Phone Stories Movie Tie In,Joe Hill,Not Specified,New,$9.99
b851,Walking Practice,Dolki Min and Victoria Caudle,Hardcover,New,$26.99
b852,The Haunting Of Hill House,Shirley Jackson,Paperback,New,$17.00
b853,We Have Always Lived in the Castle,Shirley Jackson,Paperback,Used,$17.00
b854,Songs of a Dead Dreamer and Grimscribe,Thomas Ligotti,Paperback,Used,$19.00
b855,A Discovery of Witches: All Souls 1,Deborah Harkness,Paperback,Used,$18.00
b856,Haunting of Hill House Penguin Classics Deluxe Edition,"Shirley Jackson, Laura Miller",Paperback,Used,$18.00
b857,Haunting of Hill House,Shirley Jackson,Not Specified,New,$9.99
b858,World War Z an Oral History of the Zombie War,Max Brooks,Paperback,Used,$18.00
b859,The Terror,Dan Simmons,Paperback,Used,$19.99
b860,Into the Drowning Deep Rolling in the Deep Series Book 1,Mira Grant,Paperback,Used,$18.99
b861,Episode Thirteen,Craig Dilouie,Paperback,New,$19.99
b862,Dowry of Blood,S T Gibson,Paperback,New,$17.99
b863,Secret History of Witches,Louisa Morgan,Hardcover,Used,$25.00
b864,Interview with the Vampire: Vampire Chronicles 1,Anne Rice,Not Specified,Used,$8.99
b865,Meddling Kids,Edgar Cantero,Hardcover,Used,$27.95
b866,Bad Cree,Jessica Johns,Hardcover,New,$27.00
b867,Devils Playground,Craig Russell,Hardcover,Used,$28.00
b868,Book of Cold Cases,Simone St James,Paperback,New,$17.00
b869,Our Share of Night,Mariana Enriquez and Megan McDowell,Hardcover,New,$28.99
b870,Lone Women,Victor LaValle,Hardcover,New,$27.00
b871,Mexican Gothic,Silvia Moreno-Garcia,Hardcover,Used,$28.00
b872,Year of the Witching,Alexis Henderson,Paperback,Used,$17.00
b873,Ghost Story,Peter Straub,Paperback,Used,$9.99
b874,Cackle,Rachel Harrison,Paperback,Used,$17.00
b875,Damnation Game,Clive Barker,Paperback,Used,$9.99
b876,Motherthing,Ainslie Hogarth,Paperback,New,$17.00
b877,Dead Eleven,Jimmy Juliano,Hardcover,New,$27.00
b878,Sisters of the Lost Nation,Nick Medina,Hardcover,New,$27.00
b879,Cockroach King,Andrew Cull,Paperback,New,$9.24
b880,American Psycho,Bret Easton Ellis,Paperback,Used,$17.95
b881,Hunger,Alma Katsu,Paperback,Used,$17.00
b882,Complete Fiction of H P Lovecraft,H P Lovecraft,Hardcover,Used,$17.99
b883,Youve Lost a Lot of Blood,Eric Larocca,Paperback,Used,$12.00
b884,Meddling Kids,Edgar Cantero,Paperback,Used,$18.00
b885,If This Book Exists Youre in the Wrong Universe,Jason Pargin,Hardcover,Used,$28.99
b886,Mary An Awakening of Terror,Nat Cassidy,Paperback,New,$21.99
b887,The Death of Jane Lawrence,Caitlin Starling,Hardcover,Used,$27.99
b888,Slewfoot,Brom,Paperback,New,$19.99
b889,Slewfoot A Tale of Bewitchery,Brom,Hardcover,New,$29.99
b890,Nothing But Blackened Teeth,Cassandra Khaw,Hardcover,Used,$19.99
b891,The Death of Jane Lawrence,Caitlin Starling,Paperback,Used,$17.99
b892,Dead Silence,SA Barnes,Paperback,Used,$18.99
b893,Just Like Mother,Anne Heltzel,Hardcover,Used,$26.99
b894,Just Like Mother,Anne Heltzel,Paperback,New,$18.99
b895,& Then I Woke Up,Malcolm Devlin,Paperback,New,$13.99
b896,Sundial,Catriona Ward,Paperback,Used,$19.99
b897,Hidden Pictures,Jason Rekulak,Hardcover,Used,$27.99
b898,Hidden Pictures,Jason Rekulak,Paperback,New,$17.99
b899,Dead Silence,SA Barnes,Hardcover,New,$27.99
b900,Sister Maiden Monster,Lucy A Snyder,Paperback,New,$17.99
b901,Salt Grows Heavy,Cassandra Khaw,Hardcover,New,$21.99
b902,Maeve Fly,CJ Leede,Hardcover,New,$26.99
b903,Tell Me I'm Worthless,Alison Rumfitt,Paperback,New,$17.99
b904,Road of Bones,Christopher Golden,Paperback,Used,$16.99
b905,Haunted,Chuck Palahniuk,Paperback,Used,$18.00
b906,Swan Song,Robert R Mccammon,Paperback,Used,$18.00
b907,Troop,Nick Cutter,Paperback,Used,$17.99
b908,Twisted Ones,"T Kingfisher, Ursula Vernon",Paperback,New,$16.99
b909,Invention of Sound,Chuck Palahniuk,Hardcover,Used,$27.00
b910,Hollow Ones,Guillermo Del Toro,Paperback,Used,$10.98
b911,Horrorstör,Grady Hendrix,Paperback,New,$16.99
b912,My Best Friends Exorcism,Grady Hendrix,Paperback,Used,$16.99
b913,H P Lovecraft Tales of Horror,H P Lovecraft,Leather,New,$24.99
b914,Zone One,Colson Whitehead,Hardcover,Used,$25.95
b915,Dirty Heads,Aaron Dries,Paperback,New,$10.99
b916,We Sold Our Souls,Grady Hendrix,Paperback,New,$16.99
b917,Shadow of Night: All Souls 2,Deborah Harkness,Paperback,Used,$18.00
b918,Fungus,"Harry Adam Knight, Leroy Kettle, John Brosnan",Paperback,New,$16.99
b919,Call of Cthulhu & Other Weird Stories,"H P Lovecraft, Travis Louie, S T Joshi",Paperback,Used,$20.00
b920,King In Yellow,Robert W Chambers,Paperback,Used,$11.95
b921,Wishing Pool & Other Stories,Tananarive Due,Hardcover,New,$29.95
b922,Monstrilio,Gerardo Samano Cordova,Hardcover,New,$27.00
b923,Shutter,Ramona Emerson,Hardcover,Used,$25.95
b924,Shutter,Ramona Emerson,Paperback,New,$16.95
b925,Ghost Eaters,Clay McLeod Chapman,Hardcover,Used,$21.99
b926,Whisper Down the Lane,Clay Chapman,Paperback,Used,$15.99
b927,We Can Never Leave This Place,Eric LaRocca,Paperback,New,$12.95
b928,Puppet King & Other Atonements,Justin Burnett,Paperback,New,$15.95
b929,Haunting of Ashburn House,Darcy Coates,Paperback,Used,$14.99
b930,Gallows Hill,Darcy Coates,Paperback,New,$15.99
b931,They Drown Our Daughters,Katrina Monroe,Paperback,New,$16.99
b932,Lovecraft Short Stories,H.P. Lovecraft,Hardcover,Used,$30.00
b933,Edgar Allan Poe Collection,Edgar Allan Poe,Hardcover,Used,$30.00
b934,Supernatural Buchan - Stories of ancient spirits uncanny places and strange creatures,John Buchan,Paperback,New,$24.00
b935,They Dont Come Home Anymore,T. E. Grau,Paperback,Used,$11.99
b936,Ghoul,Brian Keene,Paperback,New,$20.50
b937,Castaways,Brian Keene,Paperback,New,$20.50
b938,Fisherman,John Langan,Paperback,New,$16.99
b939,Maggots Screaming,Max III Booth,Paperback,New,$18.95
b940,Conjuring the Witch,Jessica Leonard,Paperback,New,$16.95
b941,Bound In Flesh An Anthology Of Trans Body Horror,Lor Gislason,Paperback,New,$16.95
b942,Wicked Stepmother,"Michael McDowell, Dennis Schuetz, Axel Young",Paperback,New,$22.95
b943,Zombie Punks Fuck Off,Sam Richard,Paperback,New,$12.95
b944,Saturnalia,Stephanie Feldman,Hardcover,New,$28.00
b945,Maker of Swans,Paraic Odonnell,Paperback,New,$16.95
b946,Diablo Book of Lorath,Matthew J Kirby,Hardcover,New,$29.95
b947,Flowers in the Attic 40th Anniversary Edition,V C Andrews,Paperback,Used,$16.99
b948,Reluctant Immortals,Gwendolyn Kiste,Paperback,New,$17.99
b949,Smolder,Laurell K Hamilton,Hardcover,New,$28.00
b950,Devolution: A Firsthand Account of the Rainier Sasquatch Massacre,Max Brooks,Hardcover,Used,$28.00
b951,Between Two Fires,Christopher Buehlman,Paperback,New,$18.95
b952,Tastes Like Candy,Ivy Tholen,Paperback,New,$11.99
b953,Plastic Monsters,Daniel Volpe,Paperback,New,$11.99
b954,Tales of H P Lovecraft,H P Lovecraft,Paperback,Used,$16.99
b955,Hellbound Heart,Clive Barker,Paperback,New,$16.99
b956,Strain Strain 1,Guillermo Del Toro and Chuck Hogan,Not Specified,Used,$9.99
b957,Exorcist,William Peter Blatty,Paperback,New,$16.99
b958,The Fireman: A Novel,Joe Hill,Hardcover,Used,$28.99
b959,NOS4A2,Joe Hill,Paperback,Used,$18.99
b960,The Fireman,Joe Hill,Paperback,Used,$19.99
b961,Bird Box,Josh Malerman,Paperback,Used,$15.99
b962,Head Full of Ghosts,Paul Tremblay,Paperback,Used,$16.99
b963,Alice Isnt Dead,Joseph Fink,Paperback,Used,$18.99
b964,Head Full of Ghosts,Paul Tremblay,Not Specified,Used,$9.99
b965,Call of Cthulhu & Other Weird Stories,H P Lovecraft,Paperback,Used,$18.00
b966,Book of Life All Souls Trilogy 03,Deborah Harkness,Paperback,Used,$18.00
b967,We Have Always Lived in the Castle Penguin Orange Collection,Shirley Jackson,Paperback,New,$18.00
b968,Conspiracy Against the Human Race A Contrivance of Horror,Thomas Ligotti,Paperback,New,$18.00
b969,Let the Right One In,John Ajvide Lindqvist,Paperback,Used,$18.99
b970,Ritual,Adam Nevill,Paperback,New,$18.99
b971,John Dies at the End,David Wong,Paperback,Used,$17.99
b972,I Am Legend,Richard Matheson,Paperback,Used,$17.99
b973,Feed Newsflesh Book 1,"Mira Grant, Seanan Mcguire",Not Specified,Used,$10.99
b974,Historian,Elizabeth Kostova,Paperback,Used,$15.99
b975,Dowry of Blood,S T Gibson,Hardcover,New,$27.00
b976,In the House in the Dark of the Woods,Laird Hunt,Paperback,Used,$15.99
b977,The Passage,Justin Cronin,Paperback,Used,$18.99
b978,Other Terrors: An Inclusive Anthology,Vince A. Liaguno and Rena Mason,Paperback,Used,$18.99
b979,Insatiable Volt Sisters,Rachel Eve Moulton,Paperback,New,$18.00
b980,String Follow,Simon Jacobs,Paperback,Used,$18.00
b981,Times Convert,Deborah Harkness,Paperback,Used,$18.00
b982,Sun Down Motel,Simone St James,Paperback,Used,$17.00
b983,Smoke Bitten Mercy Thompson Book 12,Patricia Briggs,Not Specified,Used,$8.99
b984,Soul Taken Mercy Thompson Book 13,Patricia Briggs,Not Specified,New,$8.99
b985,Dead Until Dark Southern Vampire 01,Charlaine Harris,Not Specified,Used,$8.99
b986,Living Dead In Dallas Southern Vampire 02,Charlaine Harris,Not Specified,Used,$8.99
b987,Club Dead Southern Vampire 03,Charlaine Harris,Not Specified,Used,$8.99
b988,Dead As A Doornail Southern Vampire 05,Charlaine Harris,Not Specified,Used,$7.99
b989,Moon Called Mercy Thompson 01,Patricia Briggs,Not Specified,Used,$8.99
b990,Blood Bound Mercy Thompson 02,Patricia Briggs,Not Specified,Used,$8.99
b991,Definitely Dead Southern Vampire 06,Charlaine Harris,Not Specified,Used,$8.99
b992,All Together Dead Southern Vampire 07,Charlaine Harris,Not Specified,Used,$8.99
b993,Dead Until Dark Southern Vampire 01 Tie In Cover,Charlaine Harris,Not Specified,Used,$7.99
b994,From Dead to Worse,Charlaine Harris,Not Specified,Used,$7.99
b995,Dead & Gone Southern Vampire 09,Charlaine Harris,Not Specified,Used,$9.99
b996,Dead in the Family Southern Vampire 10,Charlaine Harris,Hardcover,Used,$25.95
b997,Ghost Tree,Christina Henry,Paperback,Used,$17.00
b998,Girl in Red,Christina Henry,Paperback,Used,$17.00
b999,Guilty Pleasures Anita Blake 01,Laurell K Hamilton,Not Specified,Used,$8.99
b1000,Odd Thomas: Odd Thomas 1,Dean Koontz,Not Specified,Used,$7.99
b1001,Forever Odd: Odd Thomas 2,Dean Koontz,Not Specified,Used,$7.99
b1002,Daphne,Josh Malerman,Paperback,New,$18.00
b1003,Hide,Kiersten White,Paperback,New,$17.00
b1004,Demons of Good & Evil Hollows Book 17,Kim Harrison,Hardcover,New,$28.00
b1005,House of Hunger,Alexis Henderson,Hardcover,Used,$27.00
b1006,The Haunting of Alejandra,V. Castro,Hardcover,New,$28.00
b1007,Sign Here,Claudia Lux,Hardcover,Used,$27.00
b1008,Discovery of Witches All Souls Trilogy 01,Deborah Harkness,Hardcover,Used,$31.00
b1009,Shadow of Night: All Souls Trilogy 2,Deborah Harkness,Hardcover,Used,$30.00
b1010,The Book of Life,Deborah Harkness,Hardcover,Used,$32.00
b1011,Wasp Factory,Iain Banks,Paperback,Used,$17.00
b1012,Tales of the Weird An Uncanny Introduction Indie Exclusive,British Library,Paperback,New,$4.99
b1013,I Am Legend,Richard Matheson,Not Specified,Used,$9.99
b1014,World War Z Mass Market Movie Tie In Edition An Oral History of the Zombie War,Max Brooks,Not Specified,Used,$9.99
b1015,Essential Tales of H P Lovecraft,H P Lovecraft,Hardcover,Used,$12.99
b1016,The Lighthouse Ghost: of Yaquina Bay,Alexandra Mason,Paperback,New,$16.95
b1017,Ghost Story,Peter Straub,Paperback,Used,$17.00
b1018,This Book Is Full of Spiders Seriously Dude Dont Touch It John Dies at the End 2,David Wong,Paperback,Used,$17.99
b1019,Boy Who Drew Monsters,Keith Donohue,Paperback,Used,$17.00
b1020,What the Hell Did I Just Read A Novel of Cosmic Horror,"Jason Pargin, David Wong",Paperback,Used,$17.99
b1021,Universal Harvester: A Novel,John Darnielle,Paperback,Used,$17.00
b1022,Twin Peaks The Final Dossier,Mark Frost,Hardcover,Used,$21.99
b1023,HEX,Thomas Olde Heuvelt,Paperback,New,$19.99
b1024,Pinata,Leopoldo Gout,Hardcover,New,$28.99
b1025,Black Tide,KC Jones,Paperback,Used,$16.99
b1026,Lost Village,"Camilla Sten, Alexandra Fleming",Paperback,Used,$17.99
b1027,Leech,Hiron Ennes,Hardcover,Used,$27.99
b1028,Last House on Needless Street,Catriona Ward,Hardcover,Used,$28.99
b1029,Little Eve,Catriona Ward,Hardcover,Used,$27.99
b1030,John Dies at the End,"Jason Pargin, David Wong",Paperback,New,$17.99
b1031,Spite House,Johnny Compton,Hardcover,New,$27.99
b1032,White Horse,Erika T. Wurth,Hardcover,Used,$27.99
b1033,The Dark Net,Benjamin Percy,Paperback,Used,$14.99
b1034,Malice House (The Malice Compendium),Megan Shepherd,Hardcover,Used,$26.99
b1035,Zombie Survival Guide Complete Protection from the Living Dead,Max Brooks,Paperback,Used,$17.00
b1036,Demonologist,Andrew Pyper,Paperback,New,$18.00
b1037,Abraham Lincoln Vampire Hunter,Seth Grahame Smith,Not Specified,Used,$7.99
b1038,Family Business,Jonathan Sims,Hardcover,Used,$28.99
b1039,Rules of Magic,Alice Hoffman,Paperback,Used,$16.99
b1040,Invention of Sound,Chuck Palahniuk,Paperback,Used,$16.99
b1041,Old Country,"Matt Query, Harrison Query",Paperback,New,$17.99
b1042,Imaginary Friend,Stephen Chbosky,Hardcover,Used,$30.00
b1043,Queer Little Nightmares: An Anthology of Monstrous Fiction & Poetry,David Ly and Daniel Zomparelli,Paperback,New,$18.95
b1044,The Xothic Legend Cycle: The Complete Mythos Fiction of Lin Carter: Cthulhu Cycle 13,Lin Carter,Paperback,New,$16.95
b1045,Revelation,Bentley Little,Paperback,New,$18.99
b1046,White is for Witching,Helen Oyeyemi,Paperback,New,$17.00
b1047,My Best Friends Exorcism,Grady Hendrix,Hardcover,Used,$19.99
b1048,Cult of the Dead and Other Weird and Lovecraftian Tales,Lois H. Gresh,Paperback,New,$21.50
b1049,Essential Tales of HP Lovecraft,"H P Lovecraft, Peter Cannon",Paperback,Used,$16.99
b1050,Amityville Horror,Jay Anson,Paperback,Used,$16.00
b1051,Heart Shaped Box,Joe Hill,Paperback,Used,$16.99
b1052,The Stand (Complete and Uncut Edition),Stephen King,Not Specified,Used,$9.99
b1053,Dark Tower 05 Wolves Of The Calla,Stephen King,Not Specified,Used,$9.99
b1054,The Drawing of the Three: Dark Tower 2,Stephen King,Not Specified,Used,$9.99
b1055,Shining,Stephen King,Not Specified,Used,$17.99
b1056,It,Stephen King,Not Specified,Used,$9.99
b1057,Twelve Nights at Rotter House,J. W. Ocker,Paperback,New,$21.99
b1058,Gridlocked,Cody Goodfellow,Paperback,New,$10.75
b1059,One Hand to Hold One Hand to Carve,"M Shaw, Alex Woodroe",Paperback,New,$13.00
b1060,Joyland,Stephen King,Paperback,Used,$14.95
b1061,Colorado Kid,Stephen King,Paperback,Used,$12.95
b1062,Later,Stephen King,Paperback,Used,$14.95
b1063,Cold Moon Over Babylon Valancourt 20th Century Classics,Michael McDowell,Paperback,Used,$17.99
b1064,X's For Eyes,Laird Barron,Paperback,New,$9.95
b1065,The Maker of Swans,Paraic O'Donnell,Hardcover,Used,$27.95
b1066,Loteria,Cynthia Pelayo,Paperback,New,$17.99
b1067,Body,Stephen King,Paperback,Used,$12.99
b1068,The Institute,Stephen King,Hardcover,Used,$30.00
b1069,Institute,Stephen King,Not Specified,Used,$10.99
b1070,The Institute,Stephen King,Paperback,Used,$19.99
b1071,Pet Sematary,Stephen King,Paperback,New,$18.00
b1072,If It Bleeds,Stephen King,Paperback,Used,$18.00
b1073,On Writing A Memoir of the Craft,Stephen King,Paperback,Used,$18.00
b1074,Beneath the Stairs,Jennifer Fawcett,Paperback,Used,$17.99
b1075,Book of Queer Saints,Mae Murray,Paperback,New,$16.25
b1076,Brave New Weird,Alex Woodroe,Paperback,New,$20.00
b1077,House of Rot,Danger Slater,Paperback,New,$14.00
b1078,Horns Movie Tie in Edition,Joe Hill,Not Specified,New,$7.99
b1079,Alice Isn't Dead: A Novel,Joseph Fink,Hardcover,Used,$19.99
b1080,Haunting Of Hill House,Shirley Jackson,Paperback,Used,$15.00
b1081,Haunting of Hill House,"Shirley Jackson, Guillermo Del Toro, Laura Miller",Hardcover,New,$25.00
b1082,The Call of Cthulhu and Other Weird Stories,H P Lovecraft,Paperback,New,$18.00
b1083,Japanese Ghost Stories,"Lafcadio Hearn, Paul Murray",Paperback,New,$16.00
b1084,Carrie,Stephen King,Not Specified,Used,$9.99
b1085,'Salem's Lot,Stephen King,Not Specified,Used,$9.99
b1086,The Stand,Stephen King,Paperback,New,$18.00
b1087,Prince Lestat: Vampire Chronicles 11,Anne Rice,Hardcover,New,$30.00
b1088,Hull Zero Three,Greg Bear,Paperback,Used,$19.99
b1089,The Devil Takes You Home,Gabino Iglesias,Hardcover,Used,$45.00
b1090,Children of Red Peak,Craig Dilouie,Paperback,Used,$18.99
b1091,Best of H P Lovecraft Bloodcurdling Tales of Horror & the Macabre,"H P Lovecraft, Robert Bloch",Paperback,Used,$18.00
b1092,The Shining,Stephen King,Paperback,Used,$18.00
b1093,Roald Dahls Book of Ghost Stories,Roald Dahl,Paperback,Used,$16.00
b1094,Boatmans Daughter,Andy Davidson,Paperback,Used,$16.00
b1095,Wanderers Book 1,Chuck Wendig,Paperback,Used,$18.99
b1096,Lost Boy True Story of Captain Hook,Christina Henry,Paperback,Used,$17.00
b1097,Night Broken Mercy Thompson Book 8,Patricia Briggs,Not Specified,New,$8.99
b1098,Silence Fallen Mercy Thompson Book 10,Patricia Briggs,Not Specified,New,$8.99
b1099,The Book of Cold Cases,Simone St. James,Hardcover,Used,$27.00
b1100,Wild Sign Alpha & Omega Book 6,Patricia Briggs,Not Specified,Used,$8.99
b1101,Dead To The World Southern Vampire 04,Charlaine Harris,Not Specified,Used,$7.99
b1102,Cry Wolf Alpha & Omega 01,Patricia Briggs,Not Specified,Used,$7.99
b1103,River Marked Mercy Thompson 06,Patricia Briggs,Not Specified,Used,$8.99
b1104,Frost Burned Mercy Thompson Book 7,Patricia Briggs,Not Specified,Used,$8.99
b1105,The Stand: The Complete and Uncut Edition,Stephen King,Not Specified,Used,$8.50
b1106,Dark Tower 01 Gunslinger,Stephen King,Not Specified,Used,$8.99
b1107,Odd Apocalypse: Odd Thomas 5,Dean Koontz,Not Specified,Used,$9.99
b1108,Eldritch Tales a Miscellany of the Macabre,"H P Lovecraft, Les Edwards, Stephen Jones",Paperback,New,$32.99
b1109,American Demon Hollows 14,Kim Harrison,Not Specified,Used,$8.99
b1110,Stand Movie Tie in Edition,Stephen King,Not Specified,Used,$10.99
b1111,Hacienda,Isabel Canas,Hardcover,Used,$27.00
b1112,Trouble with the Cursed Hollows Book 16,Kim Harrison,Not Specified,New,$8.99
b1113,I Am Not a Serial Killer,Dan Wells,Paperback,Used,$11.99
b1114,New Annotated H P Lovecraft,H. P. Lovecraft,Hardcover,New,$39.95
b1115,The Night Ocean,Paul La Farge,Paperback,Used,$19.00
b1116,Sundial,Catriona Ward,Hardcover,Used,$26.99
b1117,Zoey Punches the Future in the Dick,"Jason Pargin, David Wong",Paperback,Used,$17.99
b1118,Scourge Between Stars,Ness Brown,Paperback,New,$16.99
b1119,The Dark Tower: Dark Tower 7,Stephen King,Not Specified,Used,$9.99
b1120,On Writing: A Memoir of the Craft,Stephen King,Paperback,Used,$17.00
b1121,11/22/63,Stephen King,Paperback,Used,$20.99
b1122,11 22 63,"Stephen King, Scribner",Hardcover,Used,$35.00
b1123,Thirteen Storeys,Jonathan Sims,Paperback,New,$15.99
b1124,Doctor Sleep,Stephen King,Hardcover,Used,$30.00
b1125,Little Heaven,Nick Cutter,Paperback,New,$17.99
b1126,The Turn: The Hollows Begins with Death,Kim Harrison,Hardcover,Used,$26.99
b1127,11 22 63,Stephen King,Not Specified,Used,$9.99
b1128,End of Watch,Stephen King,Not Specified,New,$9.99
b1129,The Gunslinger: The Dark Tower #1,Stephen King,Paperback,Used,$17.99
b1130,Long Walk,Stephen King,Not Specified,Used,$9.99
b1131,Misery,Stephen King,Not Specified,Used,$10.99
b1132,The Gunslinger (The Dark Tower #1),Stephen King,Not Specified,Used,$9.99
b1133,Sleeping Beauties,Stephen King and Owen King,Hardcover,Used,$32.50
b1134,It MTI,Stephen King,Paperback,Used,$19.99
b1135,The Outsider,Stephen King,Hardcover,Used,$30.00
b1136,The Outsider,Stephen King,Paperback,Used,$18.99
b1137,H P Lovecrafts the Call of Cthulhu for Beginning Readers,R J Ivankovic,Hardcover,Used,$19.95
b1138,Rafael,Laurell K Hamilton,Not Specified,New,$9.99
b1139,Dead Ice Anita Blake Book 24,Laurell K Hamilton,Hardcover,Used,$27.95
b1140,Shiver of Light Meredith Gentry Book 9,Laurell K Hamilton,Hardcover,Used,$27.95
b1141,Diablo Moon of the Spider,Richard A Knaak,Paperback,New,$14.95
b1142,Deep,Nick Cutter,Paperback,New,$17.99
b1143,The Boy on the Bridge: Hungry Plague 2,M R Carey,Paperback,Used,$19.99
b1144,Soul Taken Mercy Thompson Book 13,Patricia Briggs,Hardcover,New,$28.00
b1145,Laughing Corpse Anita Blake 02,Laurell K Hamilton,Not Specified,Used,$8.99
b1146,The Witching Hour: Lives of the Mayfair Witches 1,Anne Rice,Not Specified,Used,$9.99
b1147,Books of Blood Volume 1 to 3,Clive Barker,Paperback,Used,$20.00
b1148,Brother,Ania Ahlborn,Paperback,New,$17.99
b1149,World War Z An Oral History of the Zombie War,Max Brooks,Hardcover,Used,$28.00
b1150,Fistful Of Charms Rachel Morgan 04,Kim Harrison,Not Specified,Used,$8.99
b1151,Crimson Death Anita Blake 25,Laurell K Hamilton,Not Specified,Used,$8.99
b1152,Hacienda,Isabel Canas,Book,Used,$14.95
b1153,Dead Witch Walking Rachel Morgan 01,Kim Harrison,Not Specified,Used,$7.99
b1154,Necronomnomnom Recipes & Rites from the Lore of H P Lovecraft,LLC Red Duke Games,Hardcover,Used,$30.00
b1155,Whisper Down the Lane,Clay Chapman,Hardcover,Used,$19.99
b1156,Black & Endless Sky,Matthew Lyons,Paperback,New,$19.99
b1157,Voices in the Snow,Darcy Coates,Paperback,Used,$14.99
b1158,Girl from Rawblood,Catriona Ward,Paperback,New,$17.99
b1159,Negative Space,B. R. Yeager,Paperback,New,$14.99
b1160,Crom Cruach,Valkyrie Loughcrewe,Paperback,New,$15.00
b1161,Vessel,Adam Nevill,Paperback,New,$11.75
b1162,Mr. Jones (Seth's Christmas Ghost Stories),Edith Wharton and Seth,Paperback,New,$7.95
b1163,Corner Shop A Ghost Story for Christmas,"Cynthia Asquith, Seth",Paperback,New,$7.95
b1164,Tear,Erica McKeen,Paperback,New,$16.95
b1165,Gothic Chilling Horror Short Stories,"Dale Townshend, Rebecca J Allred, Michael Bondies",Hardcover,Used,$35.00
b1166,Secrets of Drearcliff Grange School,Kim Newman,Not Specified,New,$7.99
b1167,At the Mountains of Madness,H P Lovecraft,Paperback,Used,$9.99
b1168,Shadow People,Graham Masterton,Paperback,New,$16.95
b1169,Empty House & Other Ghost Stories,"Algernon Blackwood, Ruth Heholt",Paperback,New,$9.99
b1170,Whisperer in Darkness,H P Lovecraft,Paperback,Used,$9.99
b1171,Rosemarys Baby UK,"Ira Levin, Chuck Palahniuk",Paperback,Used,$8.98
b1172,Hollows,Daniel Church,Paperback,Used,$17.99
b1173,City of Unspeakable Fear,"Jean Ray, Scott Nicolay",Paperback,New,$15.95
b1174,Cipher,Kathe Koja,Paperback,New,$17.95
b1175,Burnt Offerings,"Robert Marasco, Stephen Graham Jones",Paperback,New,$37.95
b1176,Goddess of Filth,V. Castro,Paperback,New,$16.00
b1177,Linghun,"Ai Jiang, Yi Izzy Yu",Paperback,New,$14.99
b1178,History of Fear,Luke Dumas,Hardcover,Used,$27.99
b1179,Sucker Punch Anita Blake Vampire Hunter Book 27,Laurell K Hamilton,Not Specified,Used,$8.99
b1180,Stranger Things Suspicious Minds Stranger Things Book 1,Gwenda Bond,Paperback,Used,$18.00
b1181,Strange Tales from Japan 99 Chilling Stories of Yokai Ghosts Demons & the Supernatural,"Keisuke Nishimoto, William Scott Wilson",Paperback,New,$15.99
b1182,Horns,Joe Hill,Hardcover,Used,$10.95
b1183,20th Century Ghosts,Joe Hill,Paperback,Used,$16.99
b1184,Full Throttle,Joe Hill,Paperback,New,$18.99
b1185,Strange Weather Four Short Novels,Joe Hill,Hardcover,Used,$27.99
b1186,Cabin at the End of the World MTI Knock at the Cabin,Paul Tremblay,Not Specified,Used,$10.99
b1187,American Supernatural Tales,S T Joshi,Paperback,New,$17.00
b1188,Dark Tales,Shirley Jackson,Paperback,New,$17.00
b1189,Great God Pan & Other Horror Stories,"Arthur Machen, Aaron Worth",Hardcover,New,$22.95
b1190,Zone One,Colson Whitehead,Paperback,Used,$16.00
b1191,The Wolf Gift: Wolf Gift Chronicles 1,Anne Rice,Paperback,Used,$18.00
b1192,Deadline Newsflesh 02,"Mira Grant, Seanan Mcguire",Not Specified,Used,$10.00
b1193,Stiletto: Checquy Files 2,Daniel OMalley,Paperback,Used,$17.99
b1194,Book of Koli Rampart Trilogy Book 1,M R Carey,Paperback,Used,$17.99
b1195,Peoples History of the Vampire Uprising,Raymond A Villareal,Paperback,Used,$16.99
b1196,The Vampire Lestat: Vampire Chronicles 2,Anne Rice,Not Specified,Used,$8.99
b1197,At the Mountains of Madness & Other Tales of Terror,H P Lovecraft,Not Specified,New,$7.99
b1198,The Queen of the Damned: Vampire Chronicles 3,Anne Rice,Not Specified,Used,$8.99
b1199,A Caress of Twilight,Laurell K. Hamilton,Not Specified,Used,$7.99
